Topic,Topic.1,Topic.2,Topic.3,Topic.4,Topic.5,Topic.6,Topic.7,Topic.8,Topic.9
0.15764,5e-4,0.0613,0.47314,0.30491,5e-4,5e-4,5e-4,5e-4,5e-4
3.4e-4,3.4e-4,0.20945,0.78785,3.4e-4,3.4e-4,3.4e-4,3.4e-4,3.4e-4,3.4e-4
5.4e-4,5.4e-4,0.99516,5.4e-4,5.4e-4,5.4e-4,5.4e-4,5.4e-4,5.4e-4,5.4e-4
5.1e-4,5.1e-4,0.9476,0.04836,5.1e-4,5.1e-4,5.1e-4,5.1e-4,5.1e-4,5.1e-4
0.10909,0.46009,0.05627,0.10783,2.8e-4,2.8e-4,2.8e-4,2.8e-4,0.26533,2.8e-4
5.6e-4,5.6e-4,0.1238,0.19764,5.6e-4,5.6e-4,5.6e-4,5.6e-4,0.67465,5.6e-4
3e-4,3e-4,3e-4,3e-4,0.99728000000000006,3e-4,3e-4,3e-4,3e-4,3e-4
0.13119,5.7e-4,0.69693,5.7e-4,5.7e-4,5.7e-4,0.16793,5.7e-4,5.7e-4,5.7e-4
0.08286,0.05459,0.72289,4e-4,0.02977,4e-4,0.10789,4e-4,4e-4,4e-4
4.1e-4,4e-4,0.99636,4e-4,4e-4,4e-4,4e-4,4e-4,4e-4,4.1e-4
1e-4,1e-4,1e-4,1e-4,1e-4,0.08938,1e-4,1e-4,0.01795,0.89197
3e-4,3e-4,0.01283,3e-4,3e-4,3e-4,0.98475,3e-4,3e-4,3e-4
0.03074,1.9e-4,1.9e-4,1.9e-4,1.9e-4,1.9e-4,1.9e-4,1.9e-4,1.9e-4,0.9677
4.3e-4,4.3e-4,0.44194,0.18379,4.3e-4,4.3e-4,0.37123,4.3e-4,4.3e-4,4.3e-4
1.3e-4,1.3e-4,0.06857,1.3e-4,0.05936,1.3e-4,0.05045,1.3e-4,1.3e-4,0.82086
4.9e-4,4.9e-4,0.40166,4.9e-4,4.9e-4,4.9e-4,0.1585,4.9e-4,0.43644,4.9e-4
5.3e-4,5.3e-4,5.3e-4,0.16427,5.3e-4,5.3e-4,0.41537,5.3e-4,0.27633,0.14084
0.07012,0.7364,2.3e-4,0.1919,2.3e-4,2.3e-4,2.3e-4,2.3e-4,2.3e-4,2.3e-4
2.8e-4,2.8e-4,2.8e-4,0.45501,2.8e-4,2.8e-4,0.52051,2.8e-4,2.8e-4,0.02249
0.02968,3.7e-4,0.22475,0.66679,3.7e-4,3.7e-4,3.7e-4,3.7e-4,0.07656,3.7e-4
1.1e-4,0.0689,1.1e-4,1.1e-4,1.1e-4,1.1e-4,1.1e-4,0.00678,0.82711,0.09657
0.19713,4.3e-4,4.3e-4,4.3e-4,4.3e-4,4.3e-4,4.3e-4,4.3e-4,0.79942,4.3e-4
3.4e-4,3.4e-4,3.4e-4,0.9969,3.4e-4,3.4e-4,3.5e-4,3.4e-4,3.4e-4,3.4e-4
0.01112,0.01111,0.01111,0.01111,0.89998,0.01111,0.01111,0.01111,0.01111,0.01111
5.8e-4,0.07369,5.8e-4,5.8e-4,5.8e-4,5.8e-4,0.05621,5.8e-4,0.86606,5.8e-4
4.7e-4,4.7e-4,0.65317,0.33162,4.7e-4,4.7e-4,4.7e-4,4.7e-4,4.7e-4,0.0119
5.8e-4,5.8e-4,0.372,0.5813,5.8e-4,5.8e-4,5.8e-4,5.8e-4,5.8e-4,0.04261
2e-4,0.55263,2e-4,2e-4,2e-4,2e-4,2e-4,0.07165,0.37434,2e-4
0.00143,0.22671,0.73342,0.00143,0.02986,0.00143,0.00143,0.00143,0.00143,0.00143
0.04332,1.7e-4,1.7e-4,1.7e-4,1.7e-4,1.7e-4,1.7e-4,1.7e-4,1.7e-4,0.95532
2.5e-4,2.5e-4,0.03599,0.94279,2.5e-4,2.5e-4,0.01945,2.5e-4,2.5e-4,2.5e-4
0.38307,6.5e-4,6.5e-4,0.61173,6.5e-4,6.5e-4,6.5e-4,6.5e-4,6.5e-4,6.5e-4
0.12097,4.3e-4,4.3e-4,4.3e-4,0.83875,4.3e-4,0.03729,4.3e-4,4.3e-4,4.3e-4
0.53414,6e-4,6e-4,0.20408,6e-4,6e-4,6e-4,6e-4,0.25761,6e-4
0.09232,4.8e-4,0.63184,4.8e-4,0.27247,4.8e-4,4.8e-4,4.8e-4,4.8e-4,4.8e-4
0.10303,0.85468,0.00651,2.3e-4,2.3e-4,2.3e-4,2.3e-4,3.6e-4,0.03426,2.3e-4
0.19549,3.4e-4,3.4e-4,3.4e-4,3.4e-4,0.04436,3.4e-4,3.4e-4,3.4e-4,0.75779
0.148,1.1e-4,1.1e-4,0.10863,1.1e-4,0.22471,1.1e-4,0.06721,1.1e-4,0.45089
0.97631,0.00263,0.00263,0.00263,0.00263,0.00263,0.00263,0.00263,0.00263,0.00263
3.9e-4,3.9e-4,3.9e-4,3.9e-4,0.05571,3.9e-4,3.9e-4,3.9e-4,3.9e-4,0.9412
0.00238,0.00238,0.00238,0.00238,0.00238,0.00238,0.00238,0.2599,0.00238,0.72105
0.98269,0.00192,0.00192,0.00192,0.00192,0.00192,0.00192,0.00192,0.00192,0.00192
4.6e-4,4.6e-4,0.75933,0.23702,4.6e-4,4.6e-4,4.6e-4,4.6e-4,4.6e-4,4.6e-4
2.4e-4,0.32887,0.42935,2.4e-4,0.08172,2.4e-4,0.15862,2.4e-4,2.4e-4,2.4e-4
6.5e-4,0.26231,0.49429,6.5e-4,6.5e-4,6.5e-4,0.23885,6.5e-4,6.5e-4,6.5e-4
0.08495,4.6e-4,0.65181,4.6e-4,0.26,4.6e-4,4.6e-4,4.6e-4,4.6e-4,4.6e-4
5.4e-4,5.4e-4,5.4e-4,0.92137,0.07431,5.4e-4,5.4e-4,5.4e-4,5.4e-4,5.4e-4
0.00625,0.00625,0.09578,0.00625,0.00625,0.52821,0.00625,0.00625,0.00625,0.33224
2.4e-4,2.4e-4,0.24614,0.03851,2.4e-4,2.4e-4,2.4e-4,2.4e-4,0.71366,2.4e-4
4.8e-4,4.8e-4,4.8e-4,4.8e-4,4.8e-4,4.8e-4,4.8e-4,4.8e-4,4.8e-4,0.99565
5.3e-4,5.3e-4,5.3e-4,5.3e-4,5.3e-4,0.07104,5.3e-4,5.3e-4,5.3e-4,0.92468
0.97087,2.7e-4,2.7e-4,2.7e-4,2.7e-4,2.7e-4,2.7e-4,2.7e-4,2.7e-4,0.027
0.89999,0.01111,0.01111,0.01111,0.01111,0.01111,0.01111,0.01111,0.01111,0.01111
0.98394,1.8e-4,1.8e-4,1.8e-4,1.8e-4,1.8e-4,0.01463,1.8e-4,1.8e-4,1.8e-4
0.91487,7.5e-4,7.5e-4,7.5e-4,7.5e-4,7.5e-4,7.5e-4,0.07916,7.5e-4,7.5e-4
0.95744,1.9e-4,0.01443,1.9e-4,1.9e-4,1.9e-4,1.9e-4,1.9e-4,0.02681,1.9e-4
0.99579,4.7e-4,4.7e-4,4.7e-4,4.7e-4,4.7e-4,4.7e-4,4.7e-4,4.7e-4,4.7e-4
0.96866,0.02836,3.7e-4,3.7e-4,3.7e-4,3.7e-4,3.7e-4,3.7e-4,3.7e-4,3.7e-4
0.97506,3e-4,3e-4,3e-4,3e-4,3e-4,0.02253,3e-4,3e-4,3e-4
0.93483,2.9e-4,2.9e-4,2.9e-4,2.9e-4,0.06284,2.9e-4,2.9e-4,2.9e-4,2.9e-4
0.96636,4.3e-4,4.3e-4,4.3e-4,4.3e-4,4.3e-4,0.03016,4.3e-4,4.3e-4,4.3e-4
0.99626,4.2e-4,4.2e-4,4.2e-4,4.2e-4,4.2e-4,4.2e-4,4.2e-4,4.2e-4,4.2e-4
0.89844,3.3e-4,3.3e-4,0.02063,3.3e-4,3.3e-4,3.3e-4,3.3e-4,3.3e-4,0.07863
0.99434,6.3e-4,6.3e-4,6.3e-4,6.3e-4,6.3e-4,6.3e-4,6.3e-4,6.3e-4,6.3e-4
0.98411,3.3e-4,3.3e-4,3.3e-4,0.01327,3.3e-4,3.3e-4,3.3e-4,3.3e-4,3.3e-4
0.97686,2.9e-4,2.9e-4,2.9e-4,2.9e-4,2.9e-4,2.9e-4,0.0208,2.9e-4,2.9e-4
0.9709,0.02775,1.7e-4,1.7e-4,1.7e-4,1.7e-4,1.7e-4,1.7e-4,1.7e-4,1.7e-4
0.99552,5e-4,5e-4,5e-4,5e-4,5e-4,5e-4,5e-4,5e-4,5e-4
0.99638,4e-4,4e-4,4e-4,4e-4,4e-4,4e-4,4e-4,4e-4,4e-4
0.00385,0.00385,0.00385,0.00385,0.05293,0.00385,0.00385,0.00385,0.77491,0.14523
0.12344,0.50197,3.3e-4,0.13406,3.3e-4,3.3e-4,3.3e-4,3.3e-4,0.16294,0.07596
1.2e-4,1.2e-4,0.39708,0.28192,1.2e-4,1.2e-4,1.2e-4,1.2e-4,0.15429,0.16602
3.3e-4,3.3e-4,0.16118,0.34728,3.3e-4,3.3e-4,0.32292,3.3e-4,3.3e-4,0.16662
3.7e-4,3.7e-4,0.83387,0.16317,3.7e-4,3.7e-4,3.7e-4,3.7e-4,3.7e-4,3.7e-4
1.9e-4,1.9e-4,1.9e-4,1.9e-4,1.9e-4,1.9e-4,1.9e-4,1.9e-4,1.9e-4,0.99831
0.59133,0.00116,0.05222,0.00116,0.00116,0.00116,0.00116,0.00116,0.34832,0.00116
0.07378,0.05693,0.55524,0.20633,3.7e-4,3.7e-4,0.02293,3.7e-4,0.05859,0.02508
1.4e-4,1.4e-4,0.19973,0.03672,0.27569,0.08529,1.4e-4,1.4e-4,0.23193,0.1701
0.11453,0.6021,0.24738,2.8e-4,0.03429,2.8e-4,2.8e-4,2.8e-4,2.8e-4,2.8e-4
2.6e-4,0.18504,0.81291,2.6e-4,2.6e-4,2.6e-4,2.6e-4,2.6e-4,2.6e-4,2.6e-4
0.1944,3.8e-4,0.43911,3.8e-4,3.8e-4,3.8e-4,0.36383,3.8e-4,3.8e-4,3.8e-4
0.07047,9.6e-4,0.73417,0.13035,0.05924,9.6e-4,9.6e-4,9.6e-4,9.6e-4,9.6e-4
6e-4,6e-4,0.28041,6e-4,0.06809,0.09627,0.52009,0.03217,6e-4,6e-4
0.02135,5.9e-4,0.12549,0.23509,5.9e-4,0.33066,0.28446,5.9e-4,5.9e-4,5.9e-4
4.3e-4,4.3e-4,0.94068,4.3e-4,4.3e-4,4.3e-4,4.3e-4,4.3e-4,4.3e-4,0.05585
1.6e-4,1.6e-4,1.6e-4,1.6e-4,0.01668,1.6e-4,0.08417,0.02663,1.6e-4,0.87153
0.17349,2.7e-4,2.7e-4,2.7e-4,2.7e-4,2.7e-4,2.7e-4,2.7e-4,0.78532,0.0393
0.98269,0.00192,0.00192,0.00192,0.00192,0.00192,0.00192,0.00192,0.00192,0.00192
4.3e-4,4.3e-4,0.49448,4.3e-4,4.3e-4,4.3e-4,0.50207,4.3e-4,4.3e-4,4.3e-4
3.3e-4,3.3e-4,0.55156,3.3e-4,3.3e-4,0.28142,0.16475,3.3e-4,3.3e-4,3.3e-4
2.1e-4,2.1e-4,0.7214,2.1e-4,2.1e-4,0.18728,2.1e-4,0.05922,0.03082,2.1e-4
4.3e-4,4.3e-4,4.3e-4,0.43056,4.3e-4,0.47707,4.3e-4,4.3e-4,0.08938,4.3e-4
2.9e-4,0.06487,2.9e-4,0.20066,0.43687,2.9e-4,0.02091,2.9e-4,0.27525,2.9e-4
0.0125,0.0125,0.0125,0.0125,0.01251,0.0125,0.0125,0.01251,0.88748,0.0125
5.5e-4,0.37774,5.5e-4,0.02112,0.37414,0.09247,5.5e-4,0.13176,5.5e-4,5.5e-4
7.8e-4,7.8e-4,0.38457,0.06126,7.8e-4,7.8e-4,7.8e-4,7.8e-4,7.8e-4,0.5487
4.7e-4,4.7e-4,0.26238,4.7e-4,4.7e-4,4.7e-4,0.2759,4.7e-4,0.45841,4.7e-4
0.15245,6.1e-4,0.37187,6.1e-4,6.1e-4,6.1e-4,0.01567,6.1e-4,0.45633,6.1e-4
4.8e-4,4.8e-4,0.94417,4.8e-4,0.052,4.8e-4,4.8e-4,4.8e-4,4.8e-4,4.8e-4
4.2e-4,0.02626,0.23379,0.26515,4.2e-4,0.01704,0.24596,4.2e-4,0.21011,4.2e-4
0.04752,0.43127,4.2e-4,4.2e-4,4.2e-4,0.0677,4.2e-4,4.2e-4,0.45101,4.2e-4
7.3e-4,7.3e-4,0.87516,7.3e-4,7.3e-4,7.3e-4,0.02354,7.3e-4,7.3e-4,0.0962
4.2e-4,4.2e-4,0.99622,4.2e-4,4.2e-4,4.2e-4,4.2e-4,4.2e-4,4.2e-4,4.2e-4
0.17017,4.7e-4,4.7e-4,4.7e-4,4.7e-4,0.54689,4.7e-4,4.7e-4,0.17033,0.10982
1.3e-4,0.01501,1.3e-4,1.3e-4,1.3e-4,1.3e-4,1.3e-4,0.46129,1.3e-4,0.5228
0.02715,0.06049,0.20461,0.16316,0.29828,4.7e-4,4.7e-4,4.7e-4,0.17705,0.06786
4.3e-4,0.62394,4.3e-4,4.3e-4,4.3e-4,0.05996,4.3e-4,4.3e-4,0.31307,4.3e-4
0.11546,3.5e-4,0.22559,0.09616,3.5e-4,0.56069,3.5e-4,3.5e-4,3.5e-4,3.5e-4
1.6e-4,1.6e-4,0.98545,1.6e-4,1.6e-4,1.6e-4,0.01323,1.6e-4,1.6e-4,1.6e-4
0.32563,0.00278,0.221,0.43392,0.00278,0.00278,0.00278,0.00278,0.00278,0.00278
5.8e-4,0.38402,5.8e-4,0.22452,5.8e-4,5.8e-4,0.03317,5.8e-4,0.26672,0.08864
0.32269,5.9e-4,0.43525,5.9e-4,5.9e-4,5.9e-4,5.9e-4,5.9e-4,0.05482,0.1837
2e-4,0.47405,2e-4,2e-4,0.05916,0.23737,2e-4,0.17499,0.0534,2e-4
3.1e-4,0.18448,0.10356,3.1e-4,3.1e-4,0.22754,3.1e-4,3.1e-4,0.48254,3.1e-4
3.3e-4,3.3e-4,0.96659,3.3e-4,3.3e-4,3.3e-4,3.3e-4,3.3e-4,3.3e-4,0.03077
0.44014,6.5e-4,0.02853,0.16031,0.19959,0.1682,6.5e-4,6.5e-4,6.5e-4,6.5e-4
5.4e-4,5.4e-4,5.4e-4,5.4e-4,0.13214,0.40918,5.4e-4,0.04529,0.41014,5.4e-4
0.18174,7.5e-4,7.5e-4,7.5e-4,7.5e-4,7.5e-4,7.5e-4,7.5e-4,0.81224,7.5e-4
0.07757,0.50693,3.8e-4,0.09823,3.8e-4,3.8e-4,3.8e-4,0.04008,3.8e-4,0.27529
0.53745,3.5e-4,0.11321,0.18867,3.5e-4,3.5e-4,0.02877,0.08274,3.5e-4,0.04778
5.7e-4,0.79377,5.7e-4,5.7e-4,5.7e-4,5.7e-4,5.7e-4,5.7e-4,0.09896,0.10331
5.4e-4,5.4e-4,5.4e-4,0.99516,5.4e-4,5.4e-4,5.4e-4,5.4e-4,5.4e-4,5.4e-4
0.02019,0.79737,4.8e-4,4.8e-4,4.8e-4,4.8e-4,4.8e-4,4.8e-4,0.17909,4.8e-4
3.2e-4,0.2916,0.03488,0.24904,3.2e-4,3.2e-4,0.42256,3.2e-4,3.2e-4,3.2e-4
0.13512,6e-4,0.73086,6e-4,6e-4,6e-4,0.12985,6e-4,6e-4,6e-4
2.7e-4,2.7e-4,0.09458,0.2936,0.49226,0.11792,2.7e-4,2.7e-4,2.7e-4,2.7e-4
0.35857,0.00303,0.00303,0.61718,0.00303,0.00303,0.00303,0.00303,0.00303,0.00303
3e-4,3e-4,0.75964,0.23795,3e-4,3e-4,3e-4,3e-4,3e-4,3e-4
3.1e-4,0.88911,0.03708,3.1e-4,3.1e-4,3.1e-4,3.1e-4,3.1e-4,0.07167,3.1e-4
0.03334,0.44424,0.03333,0.03334,0.28907,0.03334,0.03333,0.03333,0.03333,0.03333
0.43162,0.00161,0.00161,0.00161,0.00161,0.00161,0.00161,0.55548,0.00161,0.00161
2.9e-4,2.9e-4,0.18417,2.9e-4,0.06006,2.9e-4,2.9e-4,0.75373,2.9e-4,2.9e-4
0.11304,5.7e-4,0.11541,0.76755,5.7e-4,5.7e-4,5.7e-4,5.7e-4,5.7e-4,5.7e-4
0.82387,0.00116,0.00116,0.00116,0.00116,0.00116,0.16683,0.00116,0.00116,0.00116
0.98085,0.00213,0.00213,0.00213,0.00213,0.00213,0.00213,0.00213,0.00213,0.00213
5.7e-4,5.7e-4,0.89218,0.10325,5.7e-4,5.7e-4,5.7e-4,5.7e-4,5.7e-4,5.7e-4
7e-4,7e-4,7e-4,0.17538,7e-4,7e-4,0.12407,7e-4,0.14355,0.55281
0.44281,8.9e-4,8.9e-4,8.9e-4,8.9e-4,8.9e-4,8.9e-4,8.9e-4,0.21038,0.34055
0.14263,6.1e-4,0.50983,0.29256,6.1e-4,6.1e-4,6.1e-4,0.05132,6.1e-4,6.1e-4
0.10997,5e-4,5e-4,0.36216,5e-4,0.49364,0.03126,5e-4,5e-4,5e-4
3.8e-4,3.8e-4,0.5467,3.8e-4,3.8e-4,3.8e-4,3.8e-4,0.31103,0.13961,3.8e-4
2.4e-4,2.4e-4,2.4e-4,2.4e-4,2.4e-4,2.4e-4,2.4e-4,2.4e-4,2.4e-4,0.99783
0.88749,0.0125,0.0125,0.0125,0.0125,0.0125,0.0125,0.0125,0.0125,0.0125
0.66536,0.0025,0.0025,0.0025,0.0025,0.16261,0.0025,0.0025,0.15453,0.0025
3e-4,3e-4,3e-4,0.33229,3e-4,0.09622,3e-4,0.51461,0.05508,3e-4
0.07942,4.9e-4,0.08238,0.71195,4.9e-4,4.9e-4,4.9e-4,4.9e-4,0.12328,4.9e-4
0.00114,0.11936,0.00114,0.00114,0.00114,0.00114,0.00114,0.00114,0.87154,0.00114
0.33144,2.2e-4,2.2e-4,2.2e-4,0.022,2.2e-4,2.2e-4,2.2e-4,0.64503,2.2e-4
4.2e-4,0.16188,0.62206,0.10514,0.031,4.2e-4,4.2e-4,4.2e-4,0.07785,4.2e-4
0.00141,0.20026,0.00141,0.00141,0.00141,0.06845,0.00141,0.00141,0.72144,0.00141
0.23644,9.5e-4,0.08988,9.5e-4,9.5e-4,9.5e-4,0.12348,9.5e-4,0.41012,0.13531
0.01193,1.9e-4,1.9e-4,0.05921,0.3249,1.9e-4,1.9e-4,1.9e-4,0.60279,1.9e-4
6e-4,6e-4,0.13627,6e-4,6e-4,0.52461,6e-4,0.3349,6e-4,6e-4
3.6e-4,3.6e-4,0.55975,0.21848,3.6e-4,0.21925,3.6e-4,3.6e-4,3.6e-4,3.6e-4
4.3e-4,4.3e-4,4.3e-4,4.3e-4,0.05378,0.067,4.3e-4,4.3e-4,0.18316,0.69351
0.89998,0.01111,0.01111,0.01111,0.01111,0.01111,0.01111,0.01111,0.01112,0.01111
0.00147,0.39845,0.00147,0.29196,0.2993,0.00147,0.00147,0.00147,0.00147,0.00147
0.00101,0.00101,0.00101,0.99091,0.00101,0.00101,0.00101,0.00101,0.00101,0.00101
3.8e-4,3.8e-4,3.8e-4,0.55826,3.8e-4,0.12293,0.31618,3.8e-4,3.8e-4,3.8e-4
0.68542,0.00154,0.00154,0.00154,0.00154,0.00154,0.30227,0.00154,0.00154,0.00154
0.13015,4.2e-4,4.2e-4,0.10192,4.2e-4,0.25947,0.33443,4.2e-4,0.17194,4.2e-4
0.58406,0.00093000000000000005,0.00093000000000000005,0.00093000000000000005,0.00093000000000000005,0.00093000000000000005,0.00093000000000000005,0.00093000000000000005,0.40846,0.00093000000000000005
0.08521,2.9e-4,2.9e-4,0.04583,2.9e-4,0.00993,2.9e-4,2.9e-4,2.9e-4,0.85731
0.33325,8.2e-4,0.60258,8.2e-4,8.2e-4,8.2e-4,8.2e-4,8.2e-4,8.2e-4,0.05844
2.1e-4,0.18231,2.1e-4,2.1e-4,2.1e-4,0.10222,2.1e-4,0.04509,0.40995,0.25938
0.78685,0.00278,0.00278,0.19093,0.00278,0.00278,0.00278,0.00278,0.00278,0.00278
2.3e-4,2.3e-4,0.05922,2.3e-4,0.01632,0.08071,2.3e-4,2.3e-4,2.3e-4,0.84238
0.2873,3.4e-4,3.4e-4,0.23678,0.44014,3.4e-4,3.4e-4,3.4e-4,0.03374,3.4e-4
5.5e-4,5.5e-4,5.5e-4,5.5e-4,5.5e-4,5.5e-4,5.5e-4,5.5e-4,0.99505,5.5e-4
0.44475,5.2e-4,5.2e-4,0.55106,5.2e-4,5.2e-4,5.2e-4,5.2e-4,5.2e-4,5.2e-4
0.88566,8.9e-4,8.9e-4,8.9e-4,8.9e-4,0.10726,8.9e-4,8.9e-4,8.9e-4,8.9e-4
0.22314,0.00093000000000000005,0.00093000000000000005,0.00093000000000000005,0.00093000000000000005,0.00093000000000000005,0.00093000000000000005,0.00093000000000000005,0.2839,0.48648
0.11833,2.9e-4,0.04165,0.01251,2.9e-4,2.9e-4,2.9e-4,2.9e-4,0.63567,0.19036
4.6e-4,4.6e-4,4.6e-4,4.6e-4,0.23792,0.16243,0.04607,4.6e-4,0.52452,0.02678
4.6e-4,4.6e-4,0.5601,4.6e-4,4.6e-4,4.6e-4,4.6e-4,0.06261,0.15491,0.21963
0.70267,0.0013,0.0013,0.28694,0.0013,0.0013,0.0013,0.0013,0.0013,0.0013
0.99636,4e-4,4e-4,4e-4,4e-4,4e-4,4e-4,4e-4,4e-4,4e-4
0.01197,2.4e-4,2.4e-4,0.16184,2.4e-4,2.4e-4,2.4e-4,2.4e-4,0.774,0.05075
0.10666,0.06809,3e-4,0.01771,3e-4,0.04345,0.2762,3e-4,0.09064,0.39634
0.43001,0.10539,0.00278,0.00278,0.44514,0.00278,0.00278,0.00278,0.00278,0.00278
0.02235,4.8e-4,0.97384,4.8e-4,4.8e-4,4.8e-4,4.8e-4,4.8e-4,4.8e-4,4.8e-4
8e-4,8e-4,8e-4,8e-4,0.06534,8e-4,0.17516,8e-4,0.23046,0.52424
0.09041,4.7e-4,0.1785,0.48502,4.7e-4,4.7e-4,4.7e-4,4.7e-4,0.19509,0.04861
0.11942,2.6e-4,0.81557,2.6e-4,2.6e-4,0.06322,2.6e-4,2.6e-4,2.6e-4,2.6e-4
0.12151,0.00147,0.00147,0.24803,0.04816,0.57347,0.00147,0.00147,0.00147,0.00147
2.3e-4,2.3e-4,2.3e-4,2.3e-4,0.10293,2.3e-4,2.3e-4,2.3e-4,0.23039,0.66508
0.5004,5.3e-4,0.2411,0.25481,5.3e-4,5.3e-4,5.3e-4,5.3e-4,5.3e-4,5.3e-4
0.04307,1.5e-4,1.5e-4,0.04711,1.5e-4,0.1774,1.5e-4,1.5e-4,1.5e-4,0.7315
0.07686,0.14166,0.56222,0.2168,4.1e-4,4.1e-4,4.1e-4,4.1e-4,4.1e-4,4.1e-4
9.8e-4,9.8e-4,9.8e-4,0.61089,9.8e-4,9.8e-4,9.8e-4,9.8e-4,0.38127,9.8e-4
0.84996,0.01667,0.01667,0.01668,0.01667,0.01667,0.01667,0.01667,0.01668,0.01667
5.3e-4,5.3e-4,0.99524,5.3e-4,5.3e-4,5.3e-4,5.3e-4,5.3e-4,5.3e-4,5.3e-4
4e-4,0.27888,0.32475,4e-4,4e-4,4e-4,0.31449,4e-4,4e-4,0.07945
6.8e-4,6.8e-4,0.85797,0.13659,6.8e-4,6.8e-4,6.8e-4,6.8e-4,6.8e-4,6.8e-4
0.04306,5e-4,0.95292,5e-4,5e-4,5e-4,5e-4,5e-4,5e-4,5e-4
0.00476,0.00476,0.75079,0.00476,0.00476,0.00476,0.00476,0.00476,0.21111,0.00476
4.2e-4,4.2e-4,0.57572,0.42096,4.2e-4,4.2e-4,4.2e-4,4.2e-4,4.2e-4,4.2e-4
4.1e-4,4.1e-4,0.9963,4.1e-4,4.1e-4,4.1e-4,4.1e-4,4.1e-4,4.1e-4,4.1e-4
2.4e-4,2.4e-4,0.99785,2.4e-4,2.4e-4,2.4e-4,2.4e-4,2.4e-4,2.4e-4,2.4e-4
0.06572,4.9e-4,0.83751,4.9e-4,4.9e-4,4.9e-4,4.9e-4,4.9e-4,0.09336,4.9e-4
3e-4,3e-4,0.50352,0.47962,0.01478,3e-4,3e-4,3e-4,3e-4,3e-4
0.0387,4.2e-4,0.01396,4.2e-4,4.2e-4,4.2e-4,0.03948,0.01381,0.86017,0.03222
0.33071,5e-4,5e-4,5e-4,5e-4,5e-4,0.66529,5e-4,5e-4,5e-4
0.02933,2.2e-4,2.2e-4,2.2e-4,0.08123,2.2e-4,2.2e-4,2.2e-4,0.74941,0.13873
0.25521,2.9e-4,2.9e-4,2.9e-4,2.9e-4,2.9e-4,0.01224,2.9e-4,0.30148,0.42932
0.07511,5.2e-4,0.70167,0.10383,5.2e-4,0.1163,5.2e-4,5.2e-4,5.2e-4,5.2e-4
0.05812,8.7e-4,8.7e-4,0.09543,8.7e-4,8.7e-4,0.79112,0.05012,8.7e-4,8.7e-4
2.8e-4,2.8e-4,2.8e-4,2.8e-4,2.8e-4,2.8e-4,2.8e-4,0.95216,2.8e-4,0.0456
4.8e-4,0.05443,0.16746,0.77475,4.8e-4,4.8e-4,4.8e-4,4.8e-4,4.8e-4,4.8e-4
2.5e-4,2.5e-4,0.23746,0.76055,2.5e-4,2.5e-4,2.5e-4,2.5e-4,2.5e-4,2.5e-4
0.18817,2.1e-4,0.1517,0.19137,2.1e-4,2.1e-4,0.41945,2.1e-4,0.04825,2.1e-4
0.985,0.00167,0.00167,0.00167,0.00167,0.00167,0.00167,0.00167,0.00167,0.00167
0.17642,3.8e-4,0.121,0.22103,0.07643,3.8e-4,0.07899,3.8e-4,0.32463,3.8e-4
3.6e-4,0.09011,0.13909,0.70409,3.6e-4,3.6e-4,3.6e-4,3.6e-4,0.06453,3.6e-4
6.3e-4,6.3e-4,0.84385,6.3e-4,6.3e-4,0.15108,6.3e-4,6.3e-4,6.3e-4,6.3e-4
0.97567,0.0027,0.0027,0.0027,0.0027,0.0027,0.0027,0.0027,0.0027,0.0027
2.5e-4,2.5e-4,2.5e-4,0.48403,0.06979,0.39774,0.04691,2.5e-4,2.5e-4,2.5e-4
5.1e-4,5.1e-4,0.45077,0.17374,5.1e-4,5.1e-4,0.37195,5.1e-4,5.1e-4,5.1e-4
3.1e-4,3.1e-4,3.1e-4,3.1e-4,3.1e-4,3.1e-4,0.99717,3.1e-4,3.1e-4,3.1e-4
4.7e-4,4.7e-4,4.7e-4,0.72325,4.7e-4,4.7e-4,4.7e-4,4.7e-4,0.16317,0.11027
0.06177,2.8e-4,2.8e-4,0.93597,2.8e-4,2.8e-4,2.8e-4,2.8e-4,2.8e-4,2.8e-4
4.3e-4,4.3e-4,0.48429,4.3e-4,4.3e-4,0.07902,4.3e-4,4.3e-4,0.43368,4.3e-4
5e-4,0.59293,0.26409,5e-4,5e-4,5e-4,5e-4,5e-4,0.1395,5e-4
2.8e-4,0.07224,2.8e-4,0.24036,0.32317,0.19143,2.8e-4,2.8e-4,0.17138,2.8e-4
0.05608,2.3e-4,2.3e-4,2.3e-4,0.02265,0.02563,2.3e-4,2.3e-4,0.89424,2.3e-4
2.7e-4,2.7e-4,2.7e-4,0.15268,2.7e-4,0.0863,0.43595,2.7e-4,2.7e-4,0.32342
3.1e-4,3.1e-4,3.1e-4,0.39256,0.03621,3.1e-4,0.54733,3.1e-4,3.1e-4,0.02205
0.01018,3.9e-4,3.9e-4,0.40903,3.9e-4,0.05197,0.5265,3.9e-4,3.9e-4,3.9e-4
0.14872,7.9e-4,7.9e-4,0.0891,0.04489,7.9e-4,0.1365,7.9e-4,7.9e-4,0.57685
4.7e-4,4.7e-4,4.7e-4,4.7e-4,4.7e-4,4.7e-4,0.0725,4.7e-4,0.07753,0.84664
0.00715,0.00714,0.00714,0.37049,0.00714,0.00714,0.10712,0.00714,0.47238,0.00714
3.3e-4,3.3e-4,0.56323,3.3e-4,3.3e-4,3.3e-4,0.43414,3.3e-4,3.3e-4,3.3e-4
0.08368,7.8e-4,0.15406,0.66264,7.8e-4,7.8e-4,0.09494,7.8e-4,7.8e-4,7.8e-4
4.9e-4,4.9e-4,0.10227,0.18974,0.11292,0.40558,0.1745,0.01305,4.9e-4,4.9e-4
0.14355,3.1e-4,3.1e-4,3.1e-4,0.02891,0.19389,3.1e-4,0.02065,0.11091,0.50085
4.2e-4,4.2e-4,0.30652,0.69015,4.2e-4,4.2e-4,4.2e-4,4.2e-4,4.2e-4,4.2e-4
6.5e-4,6.5e-4,0.07248,0.34187,0.28972,6.5e-4,6.5e-4,0.00767,0.28501,6.5e-4
0.92558,0.00145,0.00145,0.00145,0.00145,0.00145,0.00145,0.00145,0.06282,0.00145
0.80742,0.00149,0.18064,0.00149,0.00149,0.00149,0.00149,0.00149,0.00149,0.00149
0.98,0.00222,0.00222,0.00222,0.00222,0.00222,0.00222,0.00222,0.00222,0.00222
0.17736,6.7e-4,0.26464,0.2108,0.30729,6.7e-4,6.7e-4,6.7e-4,0.03654,6.7e-4
3.7e-4,3.7e-4,3.7e-4,3.7e-4,3.7e-4,3.7e-4,3.7e-4,0.99665,3.7e-4,3.7e-4
0.93547,9.6e-4,9.6e-4,9.6e-4,9.6e-4,9.6e-4,0.05684,9.6e-4,9.6e-4,9.6e-4
0.91817,0.00909,0.00909,0.00909,0.00909,0.00909,0.00909,0.00909,0.00909,0.00909
0.98695,0.00145,0.00145,0.00145,0.00145,0.00145,0.00145,0.00145,0.00145,0.00145
0.99867,1.5e-4,1.5e-4,1.5e-4,1.5e-4,1.5e-4,1.5e-4,1.5e-4,1.5e-4,1.5e-4
0.82314,0.00625,0.00625,0.00625,0.00625,0.00625,0.00625,0.12685,0.00625,0.00625
0.5612,0.00132,0.00132,0.00132,0.00132,0.00132,0.00132,0.00132,0.35925,0.07033
0.06971,3.7e-4,0.21332,0.10568,3.7e-4,3.7e-4,3.7e-4,3.7e-4,0.51461,0.09485
0.81162,7.2e-4,7.2e-4,7.2e-4,7.2e-4,0.05917,0.12414,7.2e-4,7.2e-4,7.2e-4
3.8e-4,3.8e-4,0.05145,3.8e-4,3.8e-4,0.03776,0.90814,3.8e-4,3.8e-4,3.8e-4
1.4e-4,1.4e-4,1.4e-4,1.4e-4,1.4e-4,0.9987,1.4e-4,1.4e-4,1.4e-4,1.4e-4
0.00196,0.00196,0.98235,0.00196,0.00196,0.00196,0.00196,0.00196,0.00196,0.00196
1.4e-4,1.4e-4,1.4e-4,1.4e-4,1.4e-4,1.4e-4,1.4e-4,1.4e-4,1.4e-4,0.99872
1e-4,1e-4,1e-4,1e-4,1e-4,1e-4,1e-4,1e-4,1e-4,0.99913
0.16945,0.24933,1.3e-4,1.3e-4,1.3e-4,1.3e-4,1.4e-4,1.3e-4,0.39912,0.18129
0.98676,0.00147,0.00147,0.00147,0.00147,0.00147,0.00147,0.00147,0.00147,0.00147
0.98861,0.00127,0.00127,0.00127,0.00127,0.00127,0.00127,0.00127,0.00127,0.00127
0.91695,0.00147,0.07128,0.00147,0.00147,0.00147,0.00147,0.00147,0.00147,0.00147
0.97907,0.00233,0.00233,0.00233,0.00233,0.00233,0.00233,0.00233,0.00233,0.00233
0.13443,6.9e-4,0.18855,6.9e-4,0.0909,6.9e-4,6.9e-4,6.9e-4,0.52785,0.0548
0.30582,0.00385,0.08877,0.57848,0.00385,0.00385,0.00385,0.00385,0.00385,0.00385
0.17614,4.6e-4,0.49089,0.32974,4.6e-4,4.6e-4,4.6e-4,4.6e-4,4.6e-4,4.6e-4
6.6e-4,0.99408,6.6e-4,6.6e-4,6.6e-4,6.6e-4,6.6e-4,6.6e-4,6.6e-4,6.6e-4
0.00093000000000000005,0.62821,0.29455,0.00093000000000000005,0.00093000000000000005,0.00093000000000000005,0.03207,0.00093000000000000005,0.03956,0.00093000000000000005
4.2e-4,4.2e-4,0.46565,0.25657,4.2e-4,4.2e-4,0.27484,4.2e-4,4.2e-4,4.2e-4
2.3e-4,0.71732,2.3e-4,2.3e-4,2.3e-4,2.3e-4,2.3e-4,2.3e-4,0.28088,2.3e-4
0.10494,5.7e-4,0.41769,0.47339,5.7e-4,5.7e-4,5.7e-4,5.7e-4,5.7e-4,5.7e-4
7.4e-4,7.4e-4,0.62697,7.4e-4,7.4e-4,7.4e-4,0.36714,7.4e-4,7.4e-4,7.4e-4
0.96666,0.0037,0.0037,0.0037,0.0037,0.0037,0.0037,0.00371,0.0037,0.0037
0.12972,1.3e-4,1.3e-4,0.38156,1.3e-4,0.05891,1.3e-4,1.3e-4,0.27777,0.15142
0.32346,2.8e-4,0.2968,0.37781,2.8e-4,2.8e-4,2.8e-4,2.8e-4,2.8e-4,2.8e-4
0.15531,2.6e-4,2.6e-4,0.07387,2.6e-4,2.6e-4,2.6e-4,0.70671,0.06254,2.6e-4
3.8e-4,0.64678,3.8e-4,3.8e-4,3.8e-4,0.35021,3.8e-4,3.8e-4,3.8e-4,3.8e-4
0.26678,0.00123,0.00123,0.18874,0.00123,0.00123,0.00123,0.00123,0.00123,0.53583
8.5e-4,8.5e-4,0.55429,8.5e-4,0.37349,8.5e-4,8.5e-4,8.5e-4,0.06623,8.5e-4
0.13301,2.6e-4,2.6e-4,2.6e-4,0.06771,2.6e-4,2.6e-4,0.02781,0.76994,2.6e-4
4.2e-4,4.2e-4,4.2e-4,0.29914,0.13857,0.14898,0.02913,4.2e-4,0.38211,4.2e-4
0.00093000000000000005,0.08443,0.90816,0.00093000000000000005,0.00093000000000000005,0.00093000000000000005,0.00093000000000000005,0.00093000000000000005,0.00093000000000000005,0.00093000000000000005
6e-4,0.01883,0.84485,6e-4,6e-4,0.13213,6e-4,6e-4,6e-4,6e-4
0.10441,0.33796,3.8e-4,0.40703,3.8e-4,0.11975,3.8e-4,3.8e-4,0.02895,3.8e-4
6.9e-4,0.21874,6.9e-4,6.9e-4,0.25641,6.9e-4,6.9e-4,6.9e-4,0.35327,0.16741
0.00093000000000000005,0.00093000000000000005,0.8275,0.10672,0.00093000000000000005,0.05924,0.00093000000000000005,0.00093000000000000005,0.00093000000000000005,0.00093000000000000005
0.60594,8.6e-4,8.6e-4,0.15263,8.6e-4,8.6e-4,8.6e-4,8.6e-4,0.23539,8.6e-4
0.13221,3.3e-4,3.3e-4,3.3e-4,3.3e-4,3.3e-4,3.3e-4,3.3e-4,3.3e-4,0.86513
0.84526,0.00149,0.00149,0.14279,0.00149,0.00149,0.00149,0.00149,0.00149,0.00149
0.3465,0.00303,0.00303,0.00303,0.00303,0.00303,0.00303,0.00303,0.62925,0.00303
0.00238,0.00238,0.00238,0.82152,0.00238,0.00238,0.00238,0.00238,0.15942,0.00238
4.4e-4,4.4e-4,4.4e-4,4.4e-4,4.4e-4,0.78686,4.4e-4,4.4e-4,0.0818,0.12826
6.5e-4,6.5e-4,0.28205,6.5e-4,0.20462,0.41342,6.5e-4,6.5e-4,0.09599,6.5e-4
5.6e-4,0.14966,0.08545,5.6e-4,5.6e-4,5.6e-4,5.6e-4,5.6e-4,0.76096,5.6e-4
5.8e-4,5.8e-4,5.8e-4,0.13799,5.8e-4,5.8e-4,0.77575,5.8e-4,5.8e-4,0.08222
3.8e-4,3.8e-4,0.05975,3.8e-4,3.8e-4,0.57536,3.8e-4,0.36221,3.8e-4,3.8e-4
0.98125,0.00208,0.00208,0.00208,0.00208,0.00208,0.00208,0.00208,0.00208,0.00208
0.85677,0.00141,0.00141,0.05476,0.07861,0.00141,0.00141,0.00141,0.00141,0.00141
3.8e-4,0.845,3.8e-4,0.10555,0.02247,3.8e-4,3.8e-4,3.8e-4,3.8e-4,0.02469
7.9e-4,7.9e-4,0.19587,7.9e-4,7.9e-4,0.26015,7.9e-4,0.42933,0.10993,7.9e-4
6.5e-4,6.5e-4,0.95911,6.5e-4,0.03573,6.5e-4,6.5e-4,6.5e-4,6.5e-4,6.5e-4
0.28269,7e-4,7e-4,0.23791,7e-4,7e-4,0.38338,7e-4,7e-4,0.09183
0.07936,5e-4,0.68405,5e-4,5e-4,5e-4,5e-4,5e-4,5e-4,0.2331
3.3e-4,0.77178,3.3e-4,3.3e-4,3.3e-4,3.3e-4,3.3e-4,3.3e-4,0.22556,3.3e-4
0.00769,0.00769,0.55364,0.26562,0.00769,0.00769,0.00769,0.00769,0.12688,0.00769
3.5e-4,0.29542,3.5e-4,0.17459,3.5e-4,3.5e-4,0.05431,3.5e-4,0.47358,3.5e-4
0.07606,0.17901,0.19704,0.54591,3.3e-4,3.3e-4,3.3e-4,3.3e-4,3.3e-4,3.3e-4
5.2e-4,5.2e-4,0.17992,0.69995,0.1165,5.2e-4,5.2e-4,5.2e-4,5.2e-4,5.2e-4
2.4e-4,2.4e-4,0.07078,2.4e-4,0.88391,2.4e-4,2.4e-4,2.4e-4,2.4e-4,0.04364
3.9e-4,0.20803,0.12922,0.37174,3.9e-4,3.9e-4,3.9e-4,3.9e-4,3.9e-4,0.28867
5e-4,5e-4,0.9064,5e-4,0.03811,5e-4,5e-4,5e-4,0.05201,5e-4
3.9e-4,0.14486,0.5345,0.27229,3.9e-4,3.9e-4,3.9e-4,3.9e-4,0.04599,3.9e-4
0.01649,4.5e-4,0.45027,0.36541,0.02192,4.5e-4,4.5e-4,4.5e-4,0.14366,4.5e-4
4.4e-4,4.4e-4,4.4e-4,4.4e-4,4.4e-4,0.32988,4.4e-4,4.4e-4,0.66661,4.4e-4
0.01429,0.01429,0.01429,0.8714,0.01429,0.01429,0.01429,0.01429,0.01429,0.01429
4.3e-4,4.3e-4,0.99614,4.3e-4,4.3e-4,4.3e-4,4.3e-4,4.3e-4,4.3e-4,4.3e-4
4e-4,4e-4,4e-4,0.73534,4e-4,0.26149,4e-4,4e-4,4e-4,4e-4
6.9e-4,6.9e-4,0.72911,6.9e-4,6.9e-4,6.9e-4,6.9e-4,6.9e-4,0.26537,6.9e-4
0.15348,0.28606,0.1498,6.1e-4,6.1e-4,0.37453,6.1e-4,6.1e-4,0.0331,6.1e-4
0.05926,4e-4,4e-4,0.58119,4e-4,0.3548,0.00236,4e-4,4e-4,4e-4
0.07214,5.6e-4,5.6e-4,0.19493,5.6e-4,5.6e-4,5.6e-4,5.6e-4,0.63964,0.08995
9.4e-4,9.4e-4,0.13652,0.21525,9.4e-4,9.4e-4,9.4e-4,0.64162,9.4e-4,9.4e-4
7.2e-4,0.05401,0.10968,7.2e-4,0.55743,7.2e-4,7.2e-4,0.27456,7.2e-4,7.2e-4
0.05775,2.8e-4,0.94002,2.8e-4,2.8e-4,2.8e-4,2.8e-4,2.8e-4,2.8e-4,2.8e-4
6.2e-4,0.06267,0.54207,6.2e-4,0.16897,6.2e-4,0.22258,6.2e-4,6.2e-4,6.2e-4
0.8061,3.8e-4,3.8e-4,3.8e-4,3.8e-4,3.8e-4,3.8e-4,3.8e-4,0.05803,0.13323
5.1e-4,0.44506,0.03181,0.1016,5.1e-4,5.1e-4,5.1e-4,5.1e-4,0.34717,0.07184
2.2e-4,2.2e-4,2.2e-4,2.2e-4,2.2e-4,2.2e-4,2.2e-4,2.2e-4,0.79383,0.20441
0.12972,1.3e-4,0.09911,0.04854,1.3e-4,1.3e-4,1.3e-4,1.3e-4,0.72188,1.3e-4
0.09642,6.1e-4,6.1e-4,6.1e-4,6.1e-4,6.1e-4,0.10173,6.1e-4,6.1e-4,0.79756
0.82096,0.00143,0.09384,0.00143,0.00143,0.00143,0.00143,0.0752,0.00143,0.00143
0.57245,5e-5,5e-5,5e-5,5e-5,5e-5,5e-5,0.00639,5e-5,0.42081
0.14029,2.9e-4,0.0802,0.66172,2.9e-4,2.9e-4,0.11606,2.9e-4,2.9e-4,2.9e-4
0.93571,0.00714,0.00714,0.00714,0.00714,0.00714,0.00714,0.00714,0.00714,0.00714
0.64374,3.2e-4,3.2e-4,3.2e-4,3.2e-4,3.2e-4,0.07377,3.2e-4,0.26067,0.01993
3.7e-4,3.7e-4,0.25737,0.73969,3.7e-4,3.7e-4,3.7e-4,3.7e-4,3.7e-4,3.7e-4
0.12873,1.6e-4,0.15753,0.00415,1.6e-4,0.47766,1.6e-4,1.6e-4,0.23113,1.6e-4
4.1e-4,0.26653,0.31882,0.34788,4.1e-4,4.1e-4,4.1e-4,4.1e-4,0.03839,0.02631
5.4e-4,5.4e-4,5.4e-4,0.78,5.4e-4,5.4e-4,5.4e-4,5.4e-4,0.10497,0.11123
3.7e-4,0.07252,3.7e-4,0.06206,0.04554,3.7e-4,0.81765,3.7e-4,3.7e-4,3.7e-4
2e-4,0.13204,2e-4,2e-4,2e-4,0.12133,2e-4,2e-4,0.74523,2e-4
3.1e-4,0.73841,0.25912,3.1e-4,3.1e-4,3.1e-4,3.1e-4,3.1e-4,3.1e-4,3.1e-4
0.06114,3.2e-4,0.34828,3.2e-4,3.2e-4,3.2e-4,3.2e-4,3.2e-4,0.32697,0.26171
6e-4,0.18581,0.3055,6e-4,6e-4,6e-4,6e-4,6e-4,0.44508,0.06004
4e-4,4.1e-4,0.38274,0.42686,4e-4,0.1043,0.08367,4e-4,4.1e-4,4e-4
0.79979,0.00294,0.00294,0.00294,0.00294,0.00294,0.00294,0.17667,0.00294,0.00294
0.00204,0.00204,0.17093,0.19377,0.62101,0.00204,0.00204,0.00204,0.00204,0.00204
7.7e-4,7.7e-4,0.62177,0.25378,7.7e-4,7.7e-4,0.11906,7.7e-4,7.7e-4,7.7e-4
0.12432,3.8e-4,0.36532,0.43936,3.8e-4,3.8e-4,3.8e-4,0.04934,0.01977,3.8e-4
3.2e-4,3.2e-4,3.2e-4,0.75009,3.2e-4,3.2e-4,3.2e-4,3.2e-4,3.2e-4,0.24734
3.1e-4,0.32198,0.11712,3.1e-4,3.1e-4,3.1e-4,0.05551,3.1e-4,0.50351,3.1e-4
3.1e-4,3.1e-4,3.1e-4,0.72731,0.2702,3.1e-4,3.1e-4,3.1e-4,3.1e-4,3.1e-4
0.76345,5.8e-4,5.8e-4,5.8e-4,5.8e-4,5.8e-4,5.8e-4,0.01359,0.21889,5.8e-4
2e-4,2e-4,2e-4,0.11295,0.11496,0.31971,0.1604,2e-4,2e-4,0.29101
1.9e-4,1.9e-4,0.54726,1.9e-4,1.9e-4,1.9e-4,1.9e-4,1.9e-4,1.9e-4,0.45124
0.05196,2.5e-4,2.5e-4,2.5e-4,2.5e-4,2.5e-4,2.5e-4,2.5e-4,2.5e-4,0.94605
0.26602,0.00161,0.00161,0.358,0.00161,0.00161,0.00161,0.00161,0.00161,0.36469
7.8e-4,7.8e-4,7.8e-4,0.62497,7.8e-4,0.36882,7.8e-4,7.8e-4,7.8e-4,7.8e-4
0.59544,0.00278,0.00278,0.38233,0.00278,0.00278,0.00278,0.00278,0.00278,0.00278
0.3784,0.12352,0.15868,3.3e-4,0.26149,3.3e-4,3.3e-4,3.3e-4,0.07624,3.3e-4
0.75409,9.8e-4,9.8e-4,9.8e-4,0.11596,9.8e-4,9.8e-4,0.12308,9.8e-4,9.8e-4
0.66992,3.3e-4,0.08899,0.16497,3.3e-4,3.3e-4,0.07413,3.3e-4,3.3e-4,3.3e-4
0.85194,5.5e-4,5.5e-4,5.5e-4,0.0307,0.04366,0.07039,5.5e-4,5.5e-4,5.5e-4
0.81706,7.1e-4,7.1e-4,0.17722,7.1e-4,7.1e-4,7.1e-4,7.1e-4,7.1e-4,7.1e-4
1.6e-4,1.6e-4,1.6e-4,1.6e-4,1.6e-4,1.6e-4,1.6e-4,1.6e-4,1.6e-4,0.99854
0.9948,5.8e-4,5.8e-4,5.8e-4,5.8e-4,5.8e-4,5.8e-4,5.8e-4,5.8e-4,5.8e-4
2e-4,0.41479,0.18159,0.39244,0.01,2e-4,2e-4,2e-4,2e-4,2e-4
1.6e-4,1.6e-4,0.14934,1.6e-4,0.04224,1.6e-4,0.75498,1.6e-4,1.6e-4,0.0525
0.14144,6.6e-4,6.6e-4,6.6e-4,0.41019,6.6e-4,6.6e-4,0.04344,6.6e-4,0.40099
0.28773,3.6e-4,0.20726,0.28159,3.6e-4,3.6e-4,3.6e-4,3.6e-4,0.13934,0.08229
0.22372,6.7e-4,0.29579,0.47582,6.7e-4,6.7e-4,6.7e-4,6.7e-4,6.7e-4,6.7e-4
4.1e-4,4.1e-4,4.1e-4,0.24647,4.1e-4,4.1e-4,0.52156,4.1e-4,4.1e-4,0.22912
6.9e-4,6.9e-4,0.1558,0.10797,0.24751,6.9e-4,6.9e-4,6.9e-4,0.48461,6.9e-4
6.5e-4,0.10991,6.5e-4,0.81982,6.5e-4,6.5e-4,6.5e-4,6.5e-4,0.06572,6.5e-4
0.99524,5.3e-4,5.3e-4,5.3e-4,5.3e-4,5.3e-4,5.3e-4,5.3e-4,5.3e-4,5.3e-4
3.1e-4,3.1e-4,0.05919,0.02558,3.1e-4,3.1e-4,3.1e-4,3.1e-4,0.91308,3.1e-4
0.97567,0.0027,0.0027,0.0027,0.0027,0.0027,0.0027,0.0027,0.0027,0.0027
0.20179,3.6e-4,0.24633,0.50289,3.6e-4,3.6e-4,3.6e-4,3.6e-4,0.04681,3.6e-4
0.00729,6e-4,0.73723,0.25129,6e-4,6e-4,6e-4,6e-4,6e-4,6e-4
6e-4,6e-4,0.91197,0.08321,6e-4,6e-4,6e-4,6e-4,6e-4,6e-4
0.90442,7.6e-4,7.6e-4,7.6e-4,0.08952,7.6e-4,7.6e-4,7.6e-4,7.6e-4,7.6e-4
0.82811,0.00152,0.15976,0.00152,0.00152,0.00152,0.00152,0.00152,0.00152,0.00152
8e-4,8e-4,8e-4,0.10305,0.17956,8e-4,8e-4,8e-4,0.71179,8e-4
7.4e-4,7.4e-4,0.9587,7.4e-4,7.4e-4,7.4e-4,7.4e-4,0.03537,7.4e-4,7.4e-4
0.34931,0.001,0.16639,0.001,0.06721,0.001,0.001,0.001,0.001,0.41109
6.9e-4,6.9e-4,0.99375,6.9e-4,6.9e-4,6.9e-4,6.9e-4,6.9e-4,6.9e-4,6.9e-4
0.08713,3.1e-4,3.1e-4,0.91038,3.1e-4,3.1e-4,3.1e-4,3.1e-4,3.1e-4,3.1e-4
0.10339,4.2e-4,4.2e-4,0.89326,4.2e-4,4.2e-4,4.2e-4,4.2e-4,4.2e-4,4.2e-4
0.21762,1.4e-4,1.4e-4,0.78124,1.4e-4,1.4e-4,1.4e-4,1.4e-4,1.4e-4,1.4e-4
0.97428,0.00286,0.00286,0.00286,0.00286,0.00286,0.00286,0.00286,0.00286,0.00286
0.70349,0.00106,0.28799,0.00106,0.00106,0.00106,0.00106,0.00106,0.00106,0.00106
0.87214,7.5e-4,0.12189,7.5e-4,7.5e-4,7.5e-4,7.5e-4,7.5e-4,7.5e-4,7.5e-4
0.93017,0.00164,0.056710000000000003,0.00164,0.00164,0.00164,0.00164,0.00164,0.00164,0.00164
0.98889,0.00123,0.00123,0.00123,0.00123,0.00123,0.00123,0.00123,0.00123,0.00123
0.99091,0.00101,0.00101,0.00101,0.00101,0.00101,0.00101,0.00101,0.00101,0.00101
0.98235,0.00196,0.00196,0.00196,0.00196,0.00196,0.00196,0.00196,0.00196,0.00196
0.17072,0.32092,0.50447,5.6e-4,5.6e-4,5.6e-4,5.6e-4,5.6e-4,5.6e-4,5.6e-4
0.24462,2.2e-4,2.2e-4,2.2e-4,2.2e-4,2.2e-4,2.2e-4,2.2e-4,2.2e-4,0.75366
0.06235,0.0345,0.41289,0.15319,4.7e-4,4.7e-4,4.7e-4,4.7e-4,0.33472,4.7e-4
6.5e-4,6.5e-4,0.31183,0.06377,0.32509,6.5e-4,6.5e-4,6.5e-4,0.29542,6.5e-4
0.26526,2.2e-4,2.2e-4,0.25349,2.2e-4,2.2e-4,0.42934,2.2e-4,0.01078,0.04004
2.1e-4,2.1e-4,0.99815,2.1e-4,2.1e-4,2.1e-4,2.1e-4,2.1e-4,2.1e-4,2.1e-4
0.16984,5e-4,5e-4,0.23115,5e-4,5e-4,5e-4,0.01529,0.58075,5e-4
2.1e-4,2.1e-4,0.12574,0.69259,2.1e-4,2.1e-4,2.1e-4,2.1e-4,0.06655,0.11387
0.84802,0.00286,0.00286,0.12912,0.00286,0.00286,0.00286,0.00286,0.00286,0.00286
2.6e-4,2.6e-4,2.6e-4,0.02835,2.6e-4,2.6e-4,2.6e-4,2.6e-4,2.6e-4,0.96958
2.6e-4,2.6e-4,2.6e-4,0.03018,2.6e-4,2.6e-4,2.6e-4,2.6e-4,2.6e-4,0.96775
1.9e-4,1.9e-4,1.9e-4,1.9e-4,1.9e-4,1.9e-4,1.9e-4,1.9e-4,1.9e-4,0.99828
0.0312,2.3e-4,2.3e-4,2.3e-4,2.3e-4,2.3e-4,2.3e-4,2.3e-4,2.3e-4,0.96695
0.05382,2.5e-4,2.5e-4,2.5e-4,2.5e-4,2.5e-4,2.5e-4,2.5e-4,2.5e-4,0.94417
0.05382,2.5e-4,2.5e-4,2.5e-4,2.5e-4,2.5e-4,2.5e-4,2.5e-4,2.5e-4,0.94417
0.05856,2.4e-4,2.4e-4,2.4e-4,2.4e-4,2.4e-4,2.4e-4,2.4e-4,2.4e-4,0.93948
1.9e-4,1.9e-4,1.9e-4,1.9e-4,1.9e-4,0.07258,1.9e-4,1.9e-4,1.9e-4,0.9259
0.9973,3e-4,3e-4,3e-4,3e-4,3e-4,3e-4,3e-4,3e-4,3e-4
0.98524,0.00164,0.00164,0.00164,0.00164,0.00164,0.00164,0.00164,0.00164,0.00164
0.96538,0.00385,0.00385,0.00385,0.00385,0.00385,0.00385,0.00385,0.00385,0.00385
0.98269,0.00192,0.00192,0.00192,0.00192,0.00192,0.00192,0.00192,0.00192,0.00192
0.31057,0.46388,2.9e-4,0.19446,2.9e-4,0.02937,2.9e-4,2.9e-4,2.9e-4,2.9e-4
4e-4,4e-4,4e-4,4e-4,4e-4,4e-4,4e-4,0.04885,0.43475,0.51361
0.25482,2.3e-4,2.3e-4,2.3e-4,2.3e-4,2.3e-4,2.3e-4,2.3e-4,0.49721,0.24638
3.2e-4,3.2e-4,0.68731,0.08553,3.2e-4,3.2e-4,0.2249,3.2e-4,3.2e-4,3.2e-4
4.2e-4,4.2e-4,0.85491,0.12567,4.2e-4,4.2e-4,0.01651,4.2e-4,4.2e-4,4.2e-4
0.05178,0.38365,5.5e-4,5.5e-4,0.13984,0.21466,0.16935,5.5e-4,5.5e-4,0.03851
0.00244,0.00244,0.4632,0.51728,0.00244,0.00244,0.00244,0.00244,0.00244,0.00244
9.9e-4,0.08472,9.9e-4,0.37502,9.9e-4,9.9e-4,9.9e-4,9.9e-4,0.53332,9.9e-4
7e-4,7e-4,7e-4,0.56809,7e-4,7e-4,0.42632,7e-4,7e-4,7e-4
1.3e-4,1.3e-4,1.3e-4,1.3e-4,1.3e-4,1.3e-4,1.3e-4,1.3e-4,1.3e-4,0.99879
3.7e-4,3.7e-4,3.7e-4,3.7e-4,3.7e-4,3.7e-4,0.05797,3.7e-4,3.7e-4,0.93906
3.1e-4,3.1e-4,3.1e-4,3.1e-4,0.12458,3.1e-4,0.46134,3.1e-4,0.19571,0.21649
0.13684,2.7e-4,2.7e-4,2.7e-4,2.7e-4,2.7e-4,2.7e-4,2.7e-4,2.7e-4,0.86102
1.3e-4,1.3e-4,1.3e-4,1.3e-4,1.3e-4,1.3e-4,0.01327,1.3e-4,1.3e-4,0.98568
6.3e-4,6.3e-4,0.74752,6.3e-4,6.3e-4,6.3e-4,0.24745,6.3e-4,6.3e-4,6.3e-4
0.1023,0.29863,0.18407,0.37358,4.5e-4,4.5e-4,4.5e-4,4.5e-4,0.03914,4.5e-4
1.9e-4,0.30804,1.9e-4,1.9e-4,0.03011,1.9e-4,1.9e-4,1.9e-4,0.66054,1.9e-4
0.07935,5.7e-4,0.91606,5.7e-4,5.7e-4,5.7e-4,5.7e-4,5.7e-4,5.7e-4,5.7e-4
4.7e-4,4.7e-4,0.43538,0.08283,4.7e-4,4.7e-4,0.11153,4.7e-4,0.36743,4.7e-4
0.00133,0.00133,0.988,0.00133,0.00133,0.00133,0.00133,0.00133,0.00133,0.00133
6.6e-4,6.6e-4,0.52295,6.6e-4,0.47179,6.6e-4,6.6e-4,6.6e-4,6.6e-4,6.6e-4
6.3e-4,6.3e-4,0.23834,0.24152,0.11893,6.3e-4,0.3974,6.3e-4,6.3e-4,6.3e-4
0.20515,7.8e-4,0.36091,0.42847,7.8e-4,7.8e-4,7.8e-4,7.8e-4,7.8e-4,7.8e-4
5.7e-4,5.7e-4,0.4167,0.57878,5.7e-4,5.7e-4,5.7e-4,5.7e-4,5.7e-4,5.7e-4
0.9202,4.9e-4,4.9e-4,4.9e-4,4.9e-4,4.9e-4,4.9e-4,0.07586,4.9e-4,4.9e-4
0.27453,0.00765,1.3e-4,0.58381,1.3e-4,1.3e-4,1.3e-4,1.3e-4,0.13321,1.3e-4
0.11914,8.9e-4,8.9e-4,0.87371,8.9e-4,8.9e-4,8.9e-4,8.9e-4,8.9e-4,8.9e-4
6.8e-4,6.8e-4,0.07191,6.8e-4,0.26356,6.8e-4,0.65979,6.8e-4,6.8e-4,6.8e-4
0.1337,2.6e-4,2.6e-4,2.6e-4,2.6e-4,2.6e-4,0.10243,2.6e-4,2.6e-4,0.76202
7.4e-4,0.57733,7.4e-4,7.4e-4,7.4e-4,0.13567,7.4e-4,7.4e-4,7.4e-4,0.28185
2.2e-4,2.2e-4,0.99801,2.2e-4,2.2e-4,2.2e-4,2.2e-4,2.2e-4,2.2e-4,2.2e-4
3.8e-4,3.8e-4,0.98075,3.8e-4,3.8e-4,3.8e-4,0.01617,3.8e-4,3.8e-4,3.8e-4
3.6e-4,3.6e-4,0.29117,0.24829,3.6e-4,3.6e-4,0.42165,3.6e-4,3.6e-4,0.03671
3.4e-4,3.4e-4,0.52438,0.43799,3.4e-4,3.4e-4,0.03526,3.4e-4,3.4e-4,3.4e-4
0.00303,0.00303,0.00303,0.00303,0.00303,0.00303,0.00303,0.00303,0.97272,0.00303
4e-4,4e-4,0.87748,4e-4,4e-4,4e-4,4e-4,4e-4,4e-4,0.11935
3.2e-4,0.47564,3.2e-4,3.2e-4,3.2e-4,0.52183,3.2e-4,3.2e-4,3.2e-4,3.2e-4
1.4e-4,0.26034,1.4e-4,1.4e-4,1.4e-4,0.50891,1.4e-4,0.13639,0.09351,1.4e-4
0.9968,3.6e-4,3.6e-4,3.6e-4,3.6e-4,3.6e-4,3.6e-4,3.6e-4,3.6e-4,3.6e-4
3.9e-4,0.33061,3.9e-4,3.9e-4,0.1636,3.9e-4,3.9e-4,3.9e-4,0.50306,3.9e-4
0.15326,8.5e-4,0.79073,8.5e-4,8.5e-4,8.5e-4,8.5e-4,8.5e-4,8.6e-4,0.05003
9.7e-4,9.7e-4,9.7e-4,9.7e-4,0.23661,9.7e-4,0.34185,0.41474,9.7e-4,9.7e-4
7.2e-4,7.2e-4,7.2e-4,7.2e-4,7.2e-4,0.27533,7.2e-4,7.2e-4,0.71892,7.2e-4
0.63034,0.00189,0.00189,0.00189,0.00189,0.00189,0.35456,0.00189,0.00189,0.00189
0.39432,1.9e-4,0.15698,0.16932,1.9e-4,0.11358,1.9e-4,0.02697,1.9e-4,0.13808
8.9e-4,8.9e-4,0.366,0.62692,8.9e-4,8.9e-4,8.9e-4,8.9e-4,8.9e-4,8.9e-4
1.9e-4,1.9e-4,1.9e-4,1.9e-4,1.9e-4,0.17235,1.9e-4,1.9e-4,0.56081,0.26553
2.5e-4,0.33596,2.5e-4,0.09256,2.5e-4,2.5e-4,2.5e-4,2.5e-4,0.56971,2.5e-4
3.5e-4,3.5e-4,0.41769,0.31357,3.5e-4,0.08715,3.5e-4,3.5e-4,3.5e-4,0.1795
0.04881,0.31657,1e-4,1e-4,1e-4,1e-4,1e-4,1e-4,0.62366,0.01034
3.4e-4,3.4e-4,3.4e-4,3.4e-4,3.4e-4,3.4e-4,3.4e-4,0.06037,0.41629,0.52093
4.9e-4,4.9e-4,0.10735,4.9e-4,4.9e-4,0.22798,4.9e-4,0.32514,4.9e-4,0.33659
1.6e-4,0.19935,1.6e-4,1.6e-4,0.3051,1.6e-4,1.6e-4,1.6e-4,0.34338,0.15118
4.5e-4,0.05321,0.71076,0.10213,4.5e-4,4.5e-4,4.5e-4,4.5e-4,4.5e-4,0.13121
0.31932,3.4e-4,3.4e-4,0.16378,3.4e-4,3.4e-4,3.4e-4,3.4e-4,0.51455,3.4e-4
0.98421,0.00175,0.00175,0.00175,0.00175,0.00175,0.00175,0.00175,0.00175,0.00175
0.03015,4.7e-4,0.3338,0.12913,4.7e-4,4.7e-4,4.7e-4,4.7e-4,0.50411,4.7e-4
5.9e-4,5.9e-4,0.9947,5.9e-4,5.9e-4,5.9e-4,5.9e-4,5.9e-4,5.9e-4,5.9e-4
2.9e-4,0.0508,2.9e-4,2.9e-4,0.05369,2.9e-4,0.75881,2.9e-4,2.9e-4,0.13497
0.00217,0.00217,0.00217,0.00217,0.00217,0.50746,0.00217,0.00217,0.10228,0.37504
0.99752,2.8e-4,2.8e-4,2.8e-4,2.8e-4,2.8e-4,2.8e-4,2.8e-4,2.8e-4,2.8e-4
3.4e-4,0.02421,3.4e-4,0.4493,3.4e-4,0.05355,3.4e-4,0.47091,3.4e-4,3.4e-4
0.00167,0.00167,0.39184,0.00167,0.00167,0.00167,0.00167,0.00167,0.59482,0.00167
6.2e-4,6.2e-4,0.99441,6.2e-4,6.2e-4,6.2e-4,6.2e-4,6.2e-4,6.2e-4,6.2e-4
0.0802,4e-4,0.23411,0.50655,0.02714,4e-4,4e-4,4e-4,4e-4,0.15001
0.99816,2e-4,2e-4,2e-4,2e-4,2e-4,2e-4,2e-4,2e-4,2e-4
0.9717,2.5e-4,2.5e-4,2.5e-4,2.5e-4,2.5e-4,0.02628,2.5e-4,2.5e-4,2.5e-4
0.98831,0.0013,0.0013,0.0013,0.0013,0.0013,0.0013,0.0013,0.0013,0.0013
3.8e-4,3.8e-4,0.66274,0.22666,0.10791,3.8e-4,3.8e-4,3.8e-4,3.8e-4,3.8e-4
4.5e-4,4.5e-4,4.5e-4,4.5e-4,0.67023,4.5e-4,4.5e-4,0.08025,4.5e-4,0.24633
0.54339,8.5e-4,8.5e-4,0.21378,8.5e-4,8.5e-4,8.5e-4,8.5e-4,0.2369,8.5e-4
0.57143,7.2e-4,7.2e-4,0.22699,7.2e-4,7.2e-4,7.2e-4,7.2e-4,0.19654,7.2e-4
4.3e-4,4.3e-4,4.3e-4,4.3e-4,0.19513,4.3e-4,4.3e-4,4.3e-4,0.80146,4.3e-4
2.4e-4,2.4e-4,2.4e-4,2.4e-4,0.01796,2.4e-4,2.4e-4,2.4e-4,2.4e-4,0.98009
5.1e-4,5.1e-4,5.1e-4,0.6216,0.05401,5.1e-4,0.32084,5.1e-4,5.1e-4,5.1e-4
2.4e-4,2.4e-4,2.4e-4,2.4e-4,0.9978,2.4e-4,2.4e-4,2.4e-4,2.4e-4,2.4e-4
8.9e-4,8.9e-4,8.9e-4,8.9e-4,8.9e-4,8.9e-4,0.99196,8.9e-4,8.9e-4,8.9e-4
0.38977,5.7e-4,5.7e-4,0.25787,5.7e-4,5.7e-4,5.7e-4,5.7e-4,0.34836,5.7e-4
0.00154,0.00154,0.00154,0.83573,0.00154,0.00154,0.00154,0.00154,0.15196,0.00154
0.00143,0.00143,0.00143,0.80538,0.18319,0.00143,0.00143,0.00143,0.00143,0.00143
0.91239,0.07059,0.00213,0.00213,0.00213,0.00213,0.00213,0.00213,0.00213,0.00213
0.03334,0.03333,0.03333,0.03333,0.03334,0.03334,0.03333,0.69998,0.03334,0.03334
0.09442,1.6e-4,1.6e-4,1.6e-4,1.6e-4,1.6e-4,1.6e-4,0.00775,0.23607,0.66082
0.52994,1.7e-4,1.7e-4,0.17851,1.7e-4,1.7e-4,1.7e-4,1.7e-4,0.01576,0.27477
0.00278,0.00278,0.00278,0.17229,0.00278,0.00278,0.00278,0.00278,0.34006,0.4682
6.5e-4,0.56865,0.29656,6.5e-4,6.5e-4,6.5e-4,6.5e-4,6.5e-4,0.13027,6.5e-4
0.191,6.5e-4,6.5e-4,6.5e-4,6.5e-4,6.5e-4,6.5e-4,6.5e-4,0.80381,6.5e-4
6.6e-4,6.6e-4,6.6e-4,6.6e-4,6.6e-4,6.6e-4,6.6e-4,6.6e-4,6.6e-4,0.99404
1.7e-4,1.7e-4,1.7e-4,1.7e-4,1.7e-4,1.7e-4,1.7e-4,1.7e-4,1.7e-4,0.99849
1.7e-4,1.7e-4,1.7e-4,1.7e-4,1.7e-4,1.7e-4,1.7e-4,1.7e-4,1.7e-4,0.99843
0.01429,0.01429,0.01429,0.69755,0.01429,0.01429,0.01429,0.01429,0.01429,0.18814
7.6e-4,7.6e-4,7.6e-4,7.6e-4,7.6e-4,7.6e-4,7.6e-4,7.6e-4,7.6e-4,0.99318
1.1e-4,1.1e-4,1.1e-4,1.1e-4,1.1e-4,1.1e-4,1.1e-4,1.1e-4,1.1e-4,0.99899
0.51438,2.7e-4,2.7e-4,2.7e-4,2.7e-4,2.7e-4,2.7e-4,2.7e-4,0.03699,0.44674
1.4e-4,1.4e-4,1.4e-4,1.4e-4,1.4e-4,0.01496,1.4e-4,1.4e-4,1.4e-4,0.98389
2.1e-4,2.1e-4,2.1e-4,2.1e-4,2.1e-4,2.1e-4,2.1e-4,2.1e-4,2.1e-4,0.9981
1.7e-4,1.7e-4,1.7e-4,1.7e-4,1.7e-4,1.7e-4,1.7e-4,1.7e-4,1.7e-4,0.99843
0.08669,9.2e-4,9.2e-4,9.2e-4,0.11143,9.2e-4,0.15792,9.2e-4,9.2e-4,0.63845
0.01711,2e-4,2e-4,2e-4,2e-4,2e-4,2e-4,2e-4,2e-4,0.98132
2e-4,2e-4,2e-4,2e-4,0.06044,2e-4,2e-4,2e-4,2e-4,0.93794
1.7e-4,1.7e-4,1.7e-4,1.7e-4,0.01507,1.7e-4,1.7e-4,1.7e-4,1.7e-4,0.98359
0.39419,0.00135,0.00135,0.00135,0.00135,0.00135,0.00135,0.00135,0.05929,0.53706
0.01832,0.04737,1.9e-4,1.9e-4,1.9e-4,1.9e-4,1.9e-4,1.9e-4,0.17638,0.75679
0.5787,0.00123,0.00123,0.00123,0.00123,0.00123,0.00123,0.00123,0.00123,0.41142
0.55596,0.00833,0.00834,0.00834,0.00834,0.00833,0.00833,0.00834,0.00834,0.37735
0.2892,8.1e-4,8.1e-4,8.1e-4,8.1e-4,8.1e-4,8.1e-4,8.1e-4,8.1e-4,0.70429
1.3e-4,1.3e-4,1.3e-4,1.3e-4,1.3e-4,1.3e-4,1.3e-4,1.3e-4,1.3e-4,0.99885
0.06122,2.3e-4,2.3e-4,2.3e-4,2.3e-4,2.3e-4,2.3e-4,2.3e-4,2.3e-4,0.93692
0.64031,6.5e-4,6.5e-4,6.5e-4,6.5e-4,6.5e-4,0.06323,6.5e-4,0.16816,0.12437
3.4e-4,3.4e-4,3.4e-4,0.50831,3.4e-4,3.4e-4,3.4e-4,3.4e-4,0.48895,3.4e-4
0.22812,2.7e-4,2.7e-4,0.14713,2.7e-4,2.7e-4,0.01102,2.7e-4,0.38535,0.22701
0.29118,2.3e-4,2.3e-4,0.15038,2.3e-4,2.3e-4,2.3e-4,2.3e-4,0.55683,2.3e-4
0.23624,0.11237,2.7e-4,0.00686,0.50628,0.02122,2.7e-4,2.7e-4,0.11596,2.7e-4
2.8e-4,2.8e-4,0.93611,0.06165,2.8e-4,2.8e-4,2.8e-4,2.8e-4,2.8e-4,2.8e-4
0.99412,6.5e-4,6.5e-4,6.5e-4,6.5e-4,6.5e-4,6.5e-4,6.5e-4,6.5e-4,6.5e-4
0.66645,0.00185,0.00185,0.00185,0.00185,0.00185,0.00185,0.14589,0.00185,0.1747
0.59529,3.4e-4,3.4e-4,3.4e-4,3.4e-4,3.4e-4,3.4e-4,0.14766,0.25467,3.4e-4
0.91041,6.3e-4,6.3e-4,6.3e-4,6.3e-4,6.3e-4,6.3e-4,0.08456,6.3e-4,6.3e-4
0.33774,2.7e-4,2.7e-4,0.0856,2.7e-4,0.01319,2.7e-4,0.48711,0.07501,2.7e-4
0.19107,4.6e-4,4.6e-4,0.64259,4.6e-4,4.6e-4,0.1631,4.6e-4,4.6e-4,4.6e-4
0.21009,4.9e-4,4.9e-4,4.9e-4,4.9e-4,4.9e-4,4.9e-4,0.11687,4.9e-4,0.66964
3.3e-4,0.26565,3.3e-4,0.50891,0.03932,3.3e-4,3.3e-4,3.3e-4,3.3e-4,0.18415
0.83818,0.00156,0.10898,0.0419,0.00156,0.00156,0.00156,0.00156,0.00156,0.00156
0.39208,0.00167,0.00167,0.00167,0.00167,0.00167,0.00167,0.00167,0.59459,0.00167
0.43386,0.10568,0.06752,0.33724,3.9e-4,0.01067,3.9e-4,3.9e-4,0.04345,3.9e-4
2.4e-4,2.4e-4,2.4e-4,2.4e-4,2.4e-4,0.04215,2.4e-4,2.4e-4,0.60894,0.34721
3.6e-4,0.03908,0.13964,0.05376,3.6e-4,0.20446,0.56126,3.6e-4,3.6e-4,3.6e-4
7.4e-4,7.4e-4,7.4e-4,7.4e-4,0.06399,7.4e-4,7.4e-4,7.4e-4,0.89026,0.0406
0.56132,8.7e-4,0.28869,0.0961,8.7e-4,8.7e-4,0.04868,8.7e-4,8.7e-4,8.7e-4
2.6e-4,2.6e-4,0.32591,0.58939,2.6e-4,0.08288,2.6e-4,2.6e-4,2.6e-4,2.6e-4
0.04804,0.25396,2.6e-4,0.17885,2.6e-4,2.6e-4,2.6e-4,2.6e-4,0.51759,2.6e-4
6.7e-4,0.93784,6.7e-4,6.7e-4,6.7e-4,6.7e-4,6.7e-4,0.05679,6.7e-4,6.7e-4
3.4e-4,3.4e-4,3.4e-4,0.39143,0.25534,3.4e-4,0.06642,3.4e-4,0.16508,0.12001
0.41342,7.5e-4,0.2252,0.35616,7.5e-4,7.5e-4,7.5e-4,7.5e-4,7.5e-4,7.5e-4
0.36697,2.4e-4,2.4e-4,2.4e-4,2.4e-4,2.4e-4,2.4e-4,2.4e-4,0.63108,2.4e-4
2e-4,0.05359,0.03465,2e-4,2e-4,2e-4,2e-4,2e-4,0.13892,0.77164
0.1667,5.2e-4,0.0708,0.3669,0.03479,5.2e-4,5.2e-4,5.2e-4,5.2e-4,0.3582
2.8e-4,2.8e-4,2.8e-4,2.8e-4,2.8e-4,0.10416,2.8e-4,2.8e-4,2.8e-4,0.89362
0.94374,0.00625,0.00625,0.00625,0.00625,0.00625,0.00625,0.00625,0.00625,0.00625
1.3e-4,1.3e-4,1.3e-4,1.3e-4,1.3e-4,1.3e-4,1.3e-4,1.3e-4,1.3e-4,0.99881
1.5e-4,1.5e-4,1.5e-4,1.5e-4,1.5e-4,1.5e-4,1.5e-4,0.04887,1.5e-4,0.94996
0.0063,2.7e-4,2.7e-4,0.05051,2.7e-4,2.7e-4,0.05039,0.01152,0.106,0.7742
3.4e-4,3.4e-4,3.4e-4,3.4e-4,3.4e-4,3.4e-4,3.4e-4,3.4e-4,3.4e-4,0.99693
1.9e-4,1.9e-4,1.9e-4,1.9e-4,1.9e-4,1.9e-4,0.01744,1.9e-4,1.9e-4,0.98108
1.2e-4,0.01364,1.2e-4,1.2e-4,1.2e-4,1.2e-4,1.2e-4,1.2e-4,1.2e-4,0.98537
3.4e-4,3.4e-4,3.4e-4,3.4e-4,3.4e-4,3.4e-4,3.4e-4,3.4e-4,3.4e-4,0.99693
0.15624,6.4e-4,6.4e-4,0.1662,6.4e-4,6.4e-4,6.4e-4,6.4e-4,0.4378,0.23591
0.27737,2.9e-4,2.9e-4,2.9e-4,2.9e-4,2.9e-4,2.9e-4,2.9e-4,0.72029,2.9e-4
0.07469,0.0407,4.4e-4,0.45058,4.4e-4,4.4e-4,0.33868,4.4e-4,0.09316,4.4e-4
5.9e-4,5.9e-4,5.9e-4,5.9e-4,5.9e-4,5.9e-4,0.13794,0.85735,5.9e-4,5.9e-4
5.4e-4,5.4e-4,0.99511,5.4e-4,5.4e-4,5.4e-4,5.4e-4,5.4e-4,5.4e-4,5.4e-4
2.5e-4,2.5e-4,0.28909,2.5e-4,2.5e-4,0.05066,0.65852,2.5e-4,2.5e-4,2.5e-4
4.7e-4,4.7e-4,0.02805,0.4965,0.13708,4.7e-4,0.33554,4.7e-4,4.7e-4,4.7e-4
0.75589,0.00476,0.20601,0.00476,0.00476,0.00476,0.00476,0.00476,0.00476,0.00476
2.4e-4,2.4e-4,0.60264,0.3561,2.4e-4,0.0396,2.4e-4,2.4e-4,2.4e-4,2.4e-4
0.44713,5.4e-4,5.4e-4,0.32414,5.4e-4,5.4e-4,5.4e-4,5.4e-4,0.22496,5.4e-4
0.6192,0.00417,0.00417,0.00417,0.00417,0.00417,0.00417,0.00417,0.00417,0.34746
0.45933,4.2e-4,4.2e-4,4.2e-4,4.2e-4,4.2e-4,4.2e-4,4.2e-4,4.2e-4,0.53732
4.9e-4,4.9e-4,4.9e-4,4.9e-4,0.1687,4.9e-4,0.64599,4.9e-4,0.11115,0.07125
0.98676,0.00147,0.00147,0.00147,0.00147,0.00147,0.00147,0.00147,0.00147,0.00147
0.34878,5.7e-4,0.10411,0.12398,5.7e-4,5.7e-4,5.7e-4,5.7e-4,0.26506,0.15521
0.09692,0.0429,3.2e-4,3.2e-4,3.2e-4,3.2e-4,0.07562,3.2e-4,0.47553,0.30744
0.03536,2.5e-4,2.5e-4,0.5984,2.5e-4,2.5e-4,2.5e-4,0.3645,2.5e-4,2.5e-4
2e-4,0.1653,2e-4,2e-4,2e-4,0.10049,2e-4,2e-4,0.62894,0.10406
0.00111,0.00111,0.85879,0.13232,0.00111,0.00111,0.00111,0.00111,0.00111,0.00111
2.8e-4,0.42938,2.8e-4,2.8e-4,2.8e-4,2.8e-4,0.18968,2.8e-4,0.25164,0.12761
6.3e-4,0.46207,6.3e-4,0.09305,6.3e-4,6.3e-4,6.3e-4,6.3e-4,0.4405,6.3e-4
0.2112,4e-4,0.59022,0.04163,4e-4,0.11964,4e-4,4e-4,4e-4,0.03528
0.03524,0.19576,6.8e-4,6.8e-4,0.38651,0.20249,6.8e-4,0.05286,0.12442,6.8e-4
2.3e-4,2.3e-4,2.3e-4,2.3e-4,0.03619,2.3e-4,2.3e-4,2.3e-4,2.3e-4,0.96195
0.98302,0.00189,0.00189,0.00189,0.00189,0.00189,0.00189,0.00189,0.00189,0.00189
3.5e-4,3.5e-4,0.16008,0.10084,3.5e-4,3.5e-4,3.5e-4,0.73662,3.5e-4,3.5e-4
0.28323,3.3e-4,3.3e-4,3.3e-4,0.05797,3.3e-4,0.60341,3.3e-4,0.05343,3.3e-4
0.14901,1.7e-4,1.7e-4,1.7e-4,1.7e-4,1.7e-4,1.7e-4,1.7e-4,0.84966,1.7e-4
6.6e-4,6.6e-4,0.38468,0.61006,6.6e-4,6.6e-4,6.6e-4,6.6e-4,6.6e-4,6.6e-4
0.07649,0.75766,0.00112,0.00112,0.04003,0.00112,0.00112,0.00112,0.11907,0.00112
8.2e-4,8.2e-4,8.2e-4,0.42639,0.08387,0.484,8.2e-4,8.2e-4,8.2e-4,8.2e-4
0.00122,0.31462,0.00122,0.09555,0.00122,0.00122,0.00122,0.00122,0.5813,0.00122
4.4e-4,4.4e-4,0.27754,0.42669,4.4e-4,4.4e-4,0.12709,4.4e-4,0.05586,0.1106
0.26619,0.04392,0.68289,0.001,0.001,0.001,0.001,0.001,0.001,0.001
2.4e-4,0.33733,2.4e-4,2.4e-4,2.4e-4,2.4e-4,2.4e-4,0.01202,0.64897,2.4e-4
0.00192,0.00192,0.00192,0.26975,0.00192,0.00192,0.00192,0.00192,0.4422,0.27459
0.0011,0.0011,0.87942,0.0011,0.11179,0.0011,0.0011,0.0011,0.0011,0.0011
0.57305,4.4e-4,4.4e-4,0.21563,0.20821,4.4e-4,4.4e-4,4.4e-4,4.4e-4,4.4e-4
0.15337,5.5e-4,5.5e-4,0.55403,5.5e-4,5.5e-4,5.5e-4,5.5e-4,0.28875,5.5e-4
0.10772,4.8e-4,0.05946,4.8e-4,4.8e-4,4.8e-4,4.8e-4,4.8e-4,0.82946,4.8e-4
0.98676,0.00147,0.00147,0.00147,0.00147,0.00147,0.00147,0.00147,0.00147,0.00147
0.52872,0.0025,0.0025,0.0025,0.0025,0.0025,0.0025,0.0025,0.45128,0.0025
4e-4,0.13718,4e-4,4e-4,0.14327,0.08856,4e-4,0.62859,4e-4,4e-4
0.01667,0.01667,0.44034,0.01667,0.01667,0.4263,0.01667,0.01667,0.01667,0.01667
5.2e-4,5.2e-4,0.09859,0.20435,5.2e-4,5.2e-4,5.2e-4,0.69341,5.2e-4,5.2e-4
0.06656,0.03692,7.9e-4,7.9e-4,7.9e-4,7.9e-4,7.9e-4,0.891,7.9e-4,7.9e-4
0.95908,0.00455,0.00455,0.00455,0.00455,0.00455,0.00455,0.00455,0.00455,0.00455
3.4e-4,3.4e-4,3.4e-4,3.4e-4,3.4e-4,3.4e-4,0.99696,3.4e-4,3.4e-4,3.4e-4
1.5e-4,1.5e-4,1.5e-4,1.5e-4,1.5e-4,1.5e-4,1.5e-4,1.5e-4,1.5e-4,0.99869
1.5e-4,1.5e-4,1.5e-4,1.5e-4,1.5e-4,1.5e-4,1.5e-4,1.5e-4,1.5e-4,0.99869
0.54196,0.13068,1.7e-4,0.24083,1.7e-4,1.7e-4,1.7e-4,1.7e-4,0.08549,1.7e-4
0.88784,0.00278,0.08993,0.00278,0.00278,0.00278,0.00278,0.00278,0.00278,0.00278
4.4e-4,4.4e-4,0.99605,4.4e-4,4.4e-4,4.4e-4,4.4e-4,4.4e-4,4.4e-4,4.4e-4
5.1e-4,5.1e-4,5.1e-4,0.13095,0.0649,5.1e-4,5.1e-4,5.1e-4,0.80061,5.1e-4
3.7e-4,3.7e-4,0.99664,3.7e-4,3.7e-4,3.7e-4,3.7e-4,3.7e-4,3.7e-4,3.7e-4
1.7e-4,1.7e-4,0.57671,0.3774,1.7e-4,1.7e-4,0.01541,1.7e-4,0.02945,1.7e-4
3.4e-4,0.07646,3.4e-4,0.19514,3.4e-4,3.4e-4,0.72603,3.4e-4,3.4e-4,3.4e-4
0.29782,5.2e-4,0.09918,0.37228,5.2e-4,5.2e-4,5.2e-4,5.2e-4,5.2e-4,0.22761
0.06075,3.1e-4,0.56595,3.1e-4,3.1e-4,0.23011,3.1e-4,3.1e-4,0.03578,0.10585
0.64624,0.00244,0.00244,0.00244,0.00244,0.00244,0.33424,0.00244,0.00244,0.00244
0.00112,0.00112,0.00112,0.4497,0.00112,0.00112,0.00112,0.54131,0.00112,0.00112
9.4e-4,9.4e-4,9.4e-4,9.4e-4,9.4e-4,9.4e-4,9.4e-4,0.99151,9.4e-4,9.4e-4
0.0758,3.6e-4,0.35404,3.6e-4,3.6e-4,0.01917,3.6e-4,0.54884,3.6e-4,3.6e-4
0.00133,0.00133,0.00133,0.21639,0.00133,0.00133,0.00133,0.77294,0.00133,0.00133
5e-4,0.23508,5e-4,5e-4,0.64654,5e-4,5e-4,5e-4,0.1149,5e-4
4e-4,0.60132,4e-4,4e-4,0.31386,4e-4,4e-4,0.017,0.06545,4e-4
1.5e-4,0.09356,1.5e-4,1.5e-4,1.5e-4,1.5e-4,1.5e-4,1.5e-4,0.7085,0.19686
0.0322,0.6567,4.2e-4,4.2e-4,4.1e-4,4.2e-4,4.1e-4,4.2e-4,0.30819,4.2e-4
0.87141,0.01429,0.01429,0.01429,0.01429,0.01429,0.01429,0.01429,0.01429,0.01429
0.43364,2e-4,2e-4,2e-4,2e-4,2e-4,2e-4,2e-4,0.56479,2e-4
0.9925,8.3e-4,8.3e-4,8.3e-4,8.3e-4,8.3e-4,8.3e-4,8.3e-4,8.3e-4,8.3e-4
0.07203,0.72933,0.08775,0.10965,2.1e-4,2.1e-4,2.1e-4,2.1e-4,2.1e-4,2.1e-4
0.005,0.005,0.73097,0.005,0.005,0.005,0.005,0.005,0.22902,0.005
0.13578,2.9e-4,0.21263,2.9e-4,2.9e-4,2.9e-4,2.9e-4,2.9e-4,0.64954,2.9e-4
0.21123,4.7e-4,4.7e-4,4.7e-4,4.7e-4,0.10773,4.7e-4,4.7e-4,4.7e-4,0.67775
5.9e-4,0.04808,0.12266,0.75587,0.04257,5.9e-4,5.9e-4,5.9e-4,0.02786,5.9e-4
2.8e-4,2.8e-4,0.49464,0.27094,2.8e-4,2.8e-4,0.23244,2.8e-4,2.8e-4,2.8e-4
4.7e-4,0.33097,0.50047,0.07606,0.07647,4.7e-4,0.01366,4.7e-4,4.7e-4,4.7e-4
4e-4,4e-4,0.84654,0.10752,4e-4,4e-4,4e-4,4e-4,0.04316,4e-4
3.8e-4,0.13295,0.52954,0.33485,3.8e-4,3.8e-4,3.8e-4,3.8e-4,3.8e-4,3.8e-4
0.06449,0.10958,4.9e-4,0.20402,0.02243,4.9e-4,4.9e-4,4.9e-4,0.59704,4.9e-4
0.99626,4.2e-4,4.2e-4,4.2e-4,4.1e-4,4.2e-4,4.2e-4,4.2e-4,4.2e-4,4.2e-4
0.97631,0.00263,0.00263,0.00263,0.00263,0.00263,0.00263,0.00263,0.00263,0.00263
0.9925,8.3e-4,8.3e-4,8.3e-4,8.3e-4,8.3e-4,8.3e-4,8.3e-4,8.3e-4,8.3e-4
0.99652,3.9e-4,3.9e-4,3.9e-4,3.9e-4,3.9e-4,3.9e-4,3.9e-4,3.9e-4,3.9e-4
0.55954,0.0027,0.0027,0.0027,0.0027,0.0027,0.0027,0.1039,0.0027,0.31764
0.99072,0.00103,0.00103,0.00103,0.00103,0.00103,0.00103,0.00103,0.00103,0.00103
0.97631,0.00263,0.00263,0.00263,0.00263,0.00263,0.00263,0.00263,0.00263,0.00263
0.96999,0.00333,0.00333,0.00334,0.00333,0.00333,0.00333,0.00333,0.00333,0.00333
3e-4,3e-4,3e-4,0.96911,3e-4,3e-4,3e-4,3e-4,0.02848,3e-4
6.9e-4,6.9e-4,0.96615,0.02833,6.9e-4,6.9e-4,6.9e-4,6.9e-4,6.9e-4,6.9e-4
1.6e-4,0.47156,0.5096,1.6e-4,1.6e-4,1.6e-4,0.0177,1.6e-4,1.6e-4,1.6e-4
0.98928,0.00119,0.00119,0.00119,0.00119,0.00119,0.00119,0.00119,0.00119,0.00119
0.816,0.00185,0.00185,0.16918,0.00185,0.00185,0.00185,0.00185,0.00185,0.00185
0.95133,0.00204,0.03234,0.00204,0.00204,0.00204,0.00204,0.00204,0.00204,0.00204
0.99134,9.6e-4,9.6e-4,9.6e-4,9.6e-4,9.6e-4,9.6e-4,9.6e-4,9.6e-4,9.6e-4
0.00175,0.00175,0.98421,0.00175,0.00175,0.00175,0.00175,0.00175,0.00176,0.00175
3.8e-4,3.8e-4,0.5072,0.42844,3.8e-4,3.8e-4,0.06171,3.8e-4,3.8e-4,3.8e-4
0.88879,4e-4,4e-4,4e-4,4e-4,0.02307,4e-4,4e-4,4e-4,0.08536
0.85685,4.4e-4,4.4e-4,4.4e-4,4.4e-4,0.03422,4.4e-4,4.4e-4,4.4e-4,0.10587
4e-4,4e-4,0.124,0.2639,0.18865,4e-4,0.38867,4e-4,4e-4,0.03275
0.41572,0.00185,0.00185,0.00185,0.00185,0.00185,0.56947,0.00185,0.00185,0.00185
4.7e-4,4.7e-4,0.43695,4.7e-4,0.17586,4.7e-4,0.3503,4.7e-4,0.03408,4.7e-4
0.00133,0.66005,0.00133,0.09837,0.00133,0.00133,0.00133,0.00133,0.23224,0.00133
3.1e-4,0.33087,0.18356,3.1e-4,3.1e-4,3.1e-4,0.08935,3.1e-4,0.39438,3.1e-4
0.49076,0.00476,0.00476,0.47113,0.00476,0.00476,0.00476,0.00476,0.00476,0.00476
0.1146,0.00714,0.64622,0.00714,0.18917,0.00714,0.00714,0.00714,0.00714,0.00714
0.1576,1.5e-4,0.68369,0.14324,1.5e-4,1.5e-4,0.01458,1.5e-4,1.5e-4,1.5e-4
3.3e-4,3.3e-4,0.96715,3.3e-4,3.3e-4,3.3e-4,3.3e-4,3.3e-4,3.3e-4,0.03017
6.2e-4,0.01943,0.14485,6.2e-4,6.2e-4,6.2e-4,0.71036,6.2e-4,6.2e-4,0.12166
0.94536,0.04534,0.00116,0.00116,0.00116,0.00116,0.00116,0.00116,0.00116,0.00116
5.4e-4,5.4e-4,0.82314,0.09359,5.4e-4,5.4e-4,5.4e-4,5.4e-4,0.05354,0.02651
0.97857,0.00238,0.00238,0.00238,0.00238,0.00238,0.00238,0.00238,0.00238,0.00238
8.1e-4,0.61072,8.1e-4,0.16906,8.1e-4,8.1e-4,8.1e-4,8.1e-4,0.21458,8.1e-4
0.13027,4.1e-4,0.42125,4.1e-4,4.1e-4,4.1e-4,4.1e-4,4.1e-4,0.44561,4.1e-4
0.59497,1.6e-4,1.6e-4,0.27388,1.6e-4,1.6e-4,1.6e-4,1.6e-4,1.6e-4,0.13005
0.04555,0.48255,0.13179,0.06756,0.04315,0.22751,4.7e-4,4.7e-4,4.7e-4,4.7e-4
5e-4,0.45538,5e-4,5e-4,5e-4,0.5406,5e-4,5e-4,5e-4,5e-4
0.64086,0.00769,0.29759,0.0077,0.00769,0.00769,0.00769,0.00769,0.0077,0.00769
0.07405,4.4e-4,4.4e-4,0.48153,0.06251,4.4e-4,0.37927,4.4e-4,4.4e-4,4.4e-4
2.9e-4,2.9e-4,2.9e-4,2.9e-4,2.9e-4,0.21374,2.9e-4,2.9e-4,0.59314,0.19107
0.90103,0.00121,0.00121,0.00121,0.0012,0.00121,0.08933,0.0012,0.00121,0.0012
0.97353,0.00294,0.00294,0.00294,0.00294,0.00294,0.00294,0.00294,0.00294,0.00294
0.07016,5.1e-4,5.1e-4,0.15324,5.1e-4,5.1e-4,5.1e-4,5.1e-4,0.74416,0.02938
0.97857,0.00238,0.00238,0.00238,0.00238,0.00238,0.00238,0.00238,0.00238,0.00238
2.1e-4,2.1e-4,2.1e-4,2.1e-4,2.1e-4,2.1e-4,2.1e-4,0.0045,2.1e-4,0.99383
0.18455,0.00104,0.00104,0.55684,0.04715,0.13296,0.00104,0.00104,0.00104,0.07328
0.25915,0.51452,0.001,0.001,0.08429,0.09977,0.001,0.03727,0.001,0.001
1.6e-4,0.22168,1.6e-4,1.6e-4,1.6e-4,1.6e-4,1.6e-4,0.01426,0.45143,0.31164
0.01735,1.3e-4,1.3e-4,1.3e-4,1.3e-4,1.3e-4,1.3e-4,0.01095,1.3e-4,0.97078
0.54991,0.05001,0.05001,0.05001,0.05,0.05001,0.05001,0.05001,0.05002,0.05001
0.1178,0.00222,0.00222,0.00222,0.00222,0.00222,0.00222,0.00222,0.15769,0.70895
6.4e-4,0.7555,6.4e-4,6.4e-4,6.4e-4,6.4e-4,6.4e-4,6.4e-4,0.20016,0.03986
0.00101,0.00101,0.63099,0.28169,0.00101,0.00101,0.00101,0.00101,0.00101,0.08025
0.07505,1.7e-4,0.01371,1.7e-4,0.10719,1.7e-4,1.7e-4,1.7e-4,0.44771,0.35552
6.9e-4,6.9e-4,6.9e-4,6.9e-4,6.9e-4,6.9e-4,6.9e-4,6.9e-4,0.99375,6.9e-4
2.8e-4,2.8e-4,0.27871,0.27314,2.8e-4,0.33938,2.8e-4,0.10708,2.8e-4,2.8e-4
5.3e-4,5.3e-4,0.24091,0.26434,0.0751,0.41647,5.3e-4,5.3e-4,5.3e-4,5.3e-4
8.9e-4,8.9e-4,8.9e-4,8.9e-4,8.9e-4,0.76142,8.9e-4,8.9e-4,0.23144,8.9e-4
0.59746,5.1e-4,0.25771,5.1e-4,5.1e-4,5.1e-4,5.1e-4,5.1e-4,0.14129,5.1e-4
0.50701,0.00286,0.00286,0.00286,0.00286,0.00286,0.00286,0.47013,0.00286,0.00286
0.00147,0.00147,0.40926,0.00147,0.00147,0.0677,0.00147,0.32579,0.18842,0.00147
5.1e-4,5.1e-4,0.235,0.32873,5.1e-4,5.1e-4,5.1e-4,0.12332,5.1e-4,0.3099
0.38249,4.6e-4,0.61382,4.6e-4,4.6e-4,4.6e-4,4.6e-4,4.6e-4,4.6e-4,4.6e-4
6e-4,6e-4,0.10953,6e-4,0.13999,6e-4,0.51056,6e-4,0.23631,6e-4
0.26929,4.5e-4,0.15483,4.5e-4,0.08649,4.5e-4,0.02803,4.5e-4,4.5e-4,0.45912
1.7e-4,0.65667,1.7e-4,1.7e-4,1.7e-4,1.7e-4,1.7e-4,1.7e-4,0.05881,0.28337
1.2e-4,1.2e-4,0.41829,1.2e-4,1.2e-4,1.2e-4,1.2e-4,1.2e-4,0.00936,0.57153
0.07652,3.9e-4,0.22941,3.9e-4,0.03775,3.9e-4,3.9e-4,3.9e-4,0.07428,0.58009
7.8e-4,7.8e-4,0.06412,0.44945,7.8e-4,7.8e-4,7.8e-4,7.8e-4,7.8e-4,0.48096
0.1591,2.9e-4,2.9e-4,0.10463,2.9e-4,0.29133,2.9e-4,2.9e-4,0.18569,0.25783
1e-4,1e-4,1e-4,0.19269,0.02748,0.10442,1e-4,1e-4,1e-4,0.67482
0.09777,3.3e-4,3.3e-4,0.22038,3.3e-4,3.3e-4,3.3e-4,0.11164,0.30636,0.26218
0.05743,1.4e-4,0.00495,1.4e-4,0.26743,1.4e-4,1.4e-4,0.00802,0.02932,0.63227
0.3942,4.6e-4,4.6e-4,0.23317,4.6e-4,4.6e-4,4.6e-4,0.17329,0.07738,0.11968
2.1e-4,2.1e-4,0.1135,0.02899,2.1e-4,2.1e-4,2.1e-4,2.1e-4,0.72596,0.13031
0.05455,3.7e-4,3.7e-4,3.7e-4,3.7e-4,3.7e-4,3.7e-4,3.7e-4,3.7e-4,0.94253
0.00121,0.00121,0.00121,0.00121,0.00121,0.00121,0.00121,0.00121,0.00121,0.98915
2.4e-4,2.4e-4,2.4e-4,2.4e-4,2.4e-4,2.4e-4,2.4e-4,2.4e-4,2.4e-4,0.99785
2e-4,0.0155,0.04245,2e-4,2e-4,2e-4,2e-4,0.33849,0.06536,0.53718
1.2e-4,1.2e-4,1.2e-4,0.15908,1.2e-4,1.2e-4,1.2e-4,1.2e-4,1.2e-4,0.83996
2.4e-4,2.4e-4,2.4e-4,2.4e-4,2.4e-4,2.4e-4,2.4e-4,2.4e-4,2.4e-4,0.99783
2.5e-4,2.5e-4,0.02684,2.5e-4,2.5e-4,2.5e-4,2.5e-4,2.5e-4,2.5e-4,0.9712
2.4e-4,2.4e-4,2.4e-4,2.4e-4,2.4e-4,2.4e-4,2.4e-4,2.4e-4,2.4e-4,0.99783
2.6e-4,0.00971,2.6e-4,2.6e-4,2.6e-4,2.6e-4,0.22089,2.6e-4,2.6e-4,0.76762
2.2e-4,0.02041,0.0084,2.2e-4,2.2e-4,2.2e-4,0.05469,2.2e-4,2.2e-4,0.91518
1.9e-4,1.9e-4,1.9e-4,1.9e-4,1.9e-4,1.9e-4,1.9e-4,1.9e-4,1.9e-4,0.99833
0.01001,0.01,0.01,0.01,0.01001,0.01,0.01,0.01,0.01,0.90997
0.00103,0.00103,0.00103,0.00103,0.05904,0.00103,0.00103,0.00103,0.00103,0.93272
0.10293,2.5e-4,2.5e-4,2.5e-4,0.01887,2.5e-4,0.25487,2.5e-4,0.11104,0.51101
0.08572,3e-4,3e-4,3e-4,3e-4,3e-4,3e-4,3e-4,3e-4,0.91188
1.7e-4,1.7e-4,1.7e-4,1.7e-4,1.7e-4,1.7e-4,1.7e-4,1.7e-4,1.7e-4,0.99849
2.2e-4,2.2e-4,2.2e-4,2.2e-4,2.2e-4,2.2e-4,2.2e-4,2.2e-4,2.2e-4,0.99799
0.00093000000000000005,0.00093000000000000005,0.00093000000000000005,0.00093000000000000005,0.00093000000000000005,0.00093000000000000005,0.00093000000000000005,0.00093000000000000005,0.00093000000000000005,0.99167
1.6e-4,1.6e-4,0.02387,1.6e-4,1.6e-4,1.6e-4,0.01144,1.6e-4,1.6e-4,0.9636
1.1e-4,1.1e-4,0.02328,1.1e-4,1.1e-4,1.1e-4,1.1e-4,1.1e-4,1.1e-4,0.97587
1.8e-4,1.8e-4,1.8e-4,1.8e-4,1.8e-4,1.8e-4,1.8e-4,1.8e-4,1.8e-4,0.99837
2.8e-4,2.8e-4,0.03675,2.8e-4,2.8e-4,2.8e-4,2.8e-4,2.8e-4,2.8e-4,0.96099
0.06843,4.2e-4,4.2e-4,4.2e-4,4.2e-4,4.2e-4,4.2e-4,4.2e-4,4.2e-4,0.92825
0.27109,0.1004,0.024140000000000002,0.2741,2.8e-4,2.8e-4,2.8e-4,2.8e-4,0.06325,0.26588
0.05113,0.33496,0.05709,0.13453,1.7e-4,1.7e-4,1.7e-4,1.7e-4,0.42144,1.7e-4
2.8e-4,2.8e-4,2.8e-4,2.8e-4,2.8e-4,2.8e-4,2.8e-4,0.3292,2.8e-4,0.66858
0.07787,2.9e-4,0.38202,2.9e-4,0.09161,2.9e-4,2.9e-4,2.9e-4,2.9e-4,0.44674
0.00217,0.00217,0.00217,0.00217,0.00218,0.00217,0.00217,0.00217,0.19989,0.78271
2.5e-4,2.5e-4,2.5e-4,2.5e-4,2.5e-4,0.16863,2.5e-4,0.55472,2.5e-4,0.27491
1.4e-4,1.4e-4,1.4e-4,1.4e-4,1.4e-4,0.59354,1.4e-4,1.4e-4,0.12648,0.27899
0.08213,0.04715,0.26124000000000003,3.3e-4,3.3e-4,3.3e-4,3.3e-4,3.3e-4,3.3e-4,0.6075
2.3e-4,2.3e-4,2.3e-4,2.3e-4,0.0087,2.3e-4,2.3e-4,2.3e-4,2.3e-4,0.98948
2.5e-4,2.5e-4,2.5e-4,0.20656,0.18828,2.5e-4,2.5e-4,2.5e-4,2.5e-4,0.60342
0.00829,1.2e-4,1.2e-4,0.04818,1.2e-4,0.54675,1.2e-4,1.2e-4,1.2e-4,0.39607
4.8e-4,4.8e-4,0.30711,0.34332,4.8e-4,4.8e-4,4.8e-4,4.8e-4,4.8e-4,0.34619
0.25623,6e-5,6e-5,0.00446,6e-5,6e-5,6e-5,0.12415,0.48124,0.13361
3.9e-4,3.9e-4,3.9e-4,3.9e-4,3.9e-4,0.1907,3.9e-4,0.54527,3.9e-4,0.2613
1e-4,1e-4,1e-4,1e-4,1e-4,1e-4,1e-4,1e-4,1e-4,0.99913
2.3e-4,2.3e-4,2.3e-4,2.3e-4,2.3e-4,0.05087,2.3e-4,2.3e-4,2.3e-4,0.94726
4.3e-4,4.3e-4,0.44129,4.3e-4,4.3e-4,4.3e-4,4.3e-4,4.3e-4,0.07987,0.47579
0.28385,2.9e-4,2.9e-4,2.9e-4,2.9e-4,2.9e-4,2.9e-4,2.9e-4,2.9e-4,0.71386
0.13096,6.9e-4,6.9e-4,6.9e-4,6.9e-4,6.9e-4,6.9e-4,6.9e-4,6.9e-4,0.86348
2.4e-4,2.4e-4,2.4e-4,2.4e-4,2.4e-4,2.4e-4,0.01892,2.4e-4,2.4e-4,0.97913
0.96435,0.0013,0.02526,0.0013,0.0013,0.0013,0.0013,0.0013,0.0013,0.0013
1.7e-4,1.7e-4,0.52869,0.03008,1.7e-4,0.25496,1.7e-4,0.06704,1.7e-4,0.11839
0.28155,0.16795,8.4e-4,8.4e-4,8.4e-4,8.4e-4,0.43206,8.4e-4,8.4e-4,0.1134
3.5e-4,0.68726,0.26655,0.04371,3.5e-4,3.5e-4,3.5e-4,3.5e-4,3.5e-4,3.5e-4
0.409,0.00303,0.45085,0.00303,0.00303,0.00303,0.11893,0.00303,0.00303,0.00303
3.1e-4,3.1e-4,3.1e-4,0.99717,3.1e-4,3.1e-4,3.1e-4,3.1e-4,3.1e-4,3.1e-4
0.11103,6.5e-4,6.5e-4,0.52283,6.5e-4,6.5e-4,6.5e-4,6.5e-4,0.36162,6.5e-4
4.1e-4,4.1e-4,4.1e-4,0.15085,4.1e-4,4.1e-4,0.04719,4.1e-4,4.1e-4,0.79908
0.18089,0.00156,0.19476,0.61341,0.00156,0.00156,0.00156,0.00156,0.00156,0.00156
0.34109,0.00714,0.00714,0.00714,0.00714,0.00714,0.00714,0.00714,0.60176,0.00714
0.00714,0.00714,0.00714,0.49615,0.27314,0.00714,0.00714,0.00714,0.00714,0.1807
0.39,0.01,0.01,0.01,0.01,0.01,0.01,0.01,0.12315,0.41683
0.19898,4.2e-4,0.31038,4.2e-4,0.11012,0.14496,0.02396,4.2e-4,4.2e-4,0.20993
6.2e-4,6.2e-4,0.46278,0.40344,6.2e-4,6.2e-4,6.2e-4,6.2e-4,6.2e-4,0.12943
0.93773,0.00182,0.00182,0.00182,0.00182,0.00182,0.00182,0.00182,0.04772,0.00182
0.24588,7e-4,7e-4,0.24382,0.09714,0.13284,7e-4,7e-4,0.15114,0.12635
0.98861,0.00127,0.00127,0.00127,0.00127,0.00127,0.00127,0.00127,0.00127,0.00127
0.98,0.00222,0.00222,0.00222,0.00222,0.00222,0.00222,0.00222,0.00222,0.00222
0.9775,0.0025,0.0025,0.0025,0.0025,0.0025,0.0025,0.0025,0.0025,0.0025
0.98302,0.00189,0.00189,0.00189,0.00189,0.00189,0.00189,0.00189,0.00189,0.00189
0.93613,0.00179,0.00179,0.00179,0.00179,0.00179,0.00179,0.00179,0.04958,0.00179
0.982,0.002,0.002,0.002,0.002,0.002,0.002,0.002,0.002,0.002
2.7e-4,2.7e-4,2.7e-4,2.7e-4,2.7e-4,0.99753,2.7e-4,2.7e-4,2.7e-4,2.7e-4
3.4e-4,3.4e-4,0.76673,0.21394,3.4e-4,3.4e-4,3.4e-4,3.4e-4,3.4e-4,0.01697
0.12498,4.6e-4,0.029,4.6e-4,4.6e-4,4.6e-4,4.6e-4,4.6e-4,0.84281,4.6e-4
0.06221,4.7e-4,0.09155,4.7e-4,4.7e-4,4.7e-4,4.7e-4,4.7e-4,0.84292,4.7e-4
0.83273,9.1e-4,9.1e-4,9.1e-4,9.1e-4,9.1e-4,9.1e-4,9.1e-4,0.10375,0.05715
0.3147,5.7e-4,5.7e-4,0.32509,5.7e-4,5.7e-4,5.7e-4,0.32308,0.03373,5.7e-4
0.02097,3.8e-4,3.8e-4,3.8e-4,3.8e-4,3.8e-4,3.8e-4,3.8e-4,0.1549,0.82147
0.51081,0.00588,0.00588,0.2543,0.19371,0.00588,0.00588,0.00588,0.00588,0.00588
3.2e-4,3.2e-4,0.61849,0.30035,3.2e-4,3.2e-4,3.2e-4,3.2e-4,0.07893,3.2e-4
0.67832,0.00101,0.00101,0.1819,0.00101,0.00101,0.00101,0.00101,0.13271,0.00101
0.99062,0.00104,0.00104,0.00104,0.00104,0.00104,0.00104,0.00104,0.00104,0.00104
0.98784,0.00135,0.00135,0.00135,0.00135,0.00135,0.00135,0.00135,0.00135,0.00135
0.98902,0.00122,0.00122,0.00122,0.00122,0.00122,0.00122,0.00122,0.00122,0.00122
0.99151,9.4e-4,9.4e-4,9.4e-4,9.4e-4,9.4e-4,9.4e-4,9.4e-4,9.4e-4,9.4e-4
0.99224,8.6e-4,8.6e-4,8.6e-4,8.6e-4,8.6e-4,8.6e-4,8.6e-4,8.6e-4,8.6e-4
0.98816,0.00132,0.00132,0.00132,0.00132,0.00132,0.00132,0.00132,0.00132,0.00132
0.98676,0.00147,0.00147,0.00147,0.00147,0.00147,0.00147,0.00147,0.00147,0.00147
0.98448,0.00172,0.00172,0.00172,0.00172,0.00172,0.00172,0.00172,0.00172,0.00172
0.98714,0.00143,0.00143,0.00143,0.00143,0.00143,0.00143,0.00143,0.00143,0.00143
0.96896,0.00345,0.00345,0.00345,0.00345,0.00345,0.00345,0.00345,0.00345,0.00345
0.70116,0.00137,0.00137,0.00137,0.00137,0.00137,0.00137,0.00137,0.00137,0.28788
0.97804,0.00244,0.00244,0.00244,0.00244,0.00244,0.00244,0.00244,0.00244,0.00244
0.97096,0.00323,0.00323,0.00323,0.00323,0.00323,0.00323,0.00323,0.00323,0.00323
0.96785,0.00357,0.00357,0.00357,0.00357,0.00357,0.00357,0.00357,0.00357,0.00357
0.8657,8.7e-4,8.7e-4,8.7e-4,8.7e-4,8.7e-4,8.7e-4,8.7e-4,8.7e-4,0.12735
0.98043,0.00217,0.00217,0.00217,0.00217,0.00217,0.00217,0.00217,0.00217,0.00217
0.98695,0.00145,0.00145,0.00145,0.00145,0.00145,0.00145,0.00145,0.00145,0.00145
0.84987,0.00119,0.00119,0.14061,0.00119,0.00119,0.00119,0.00119,0.00119,0.00119
0.98301,0.00189,0.00189,0.00189,0.00189,0.00189,0.00189,0.00189,0.00189,0.00189
0.79671,0.00093000000000000005,0.04678,0.00093000000000000005,0.00093000000000000005,0.00093000000000000005,0.00093000000000000005,0.00093000000000000005,0.14997,0.00093000000000000005
0.95907,0.00118,0.03152,0.00118,0.00118,0.00118,0.00118,0.00118,0.00118,0.00118
0.98615,0.00154,0.00154,0.00154,0.00154,0.00154,0.00154,0.00154,0.00154,0.00154
0.9065,0.00167,0.00167,0.00167,0.00167,0.00167,0.00167,0.00167,0.00167,0.08017
0.11498,3.6e-4,3.6e-4,3.6e-4,0.1236,3.6e-4,3.6e-4,0.75891,3.6e-4,3.6e-4
2.1e-4,2.1e-4,0.26226,0.40903,2.1e-4,2.1e-4,0.32725,2.1e-4,2.1e-4,2.1e-4
0.0102,1.1e-4,1.1e-4,1.1e-4,1.1e-4,1.1e-4,0.0555,0.01426,1.1e-4,0.91939
0.17295,5.7e-4,0.16664,0.62934,0.02764,5.7e-4,5.7e-4,5.7e-4,5.7e-4,5.7e-4
2e-4,2e-4,0.11064,2e-4,0.03113,0.09963,0.43054,2e-4,2e-4,0.32704
1.8e-4,0.08982,1.8e-4,1.8e-4,1.8e-4,1.8e-4,1.8e-4,0.84505,1.8e-4,0.06389
0.13883,9.6e-4,0.66676,0.18768,9.6e-4,9.6e-4,9.6e-4,9.6e-4,9.6e-4,9.6e-4
0.88747,0.01251,0.0125,0.0125,0.0125,0.0125,0.0125,0.0125,0.01251,0.0125
4.1e-4,4.1e-4,4.1e-4,0.39024,4.1e-4,4.1e-4,0.56825,4.1e-4,4.1e-4,0.03863
1.7e-4,1.7e-4,1.7e-4,0.62786,0.05169,1.7e-4,1.7e-4,1.7e-4,0.31924,1.7e-4
2.1e-4,0.24786,2.1e-4,2.1e-4,2.1e-4,2.1e-4,2.1e-4,2.1e-4,0.6467,0.104
1e-4,0.03212,1e-4,1e-4,1e-4,1e-4,1e-4,0.00698,0.84395,0.11634
0.05286,0.13937,2.2e-4,2.2e-4,2.2e-4,0.09252,2.2e-4,0.02899,0.64907,0.03633
1.6e-4,1.6e-4,1.6e-4,1.6e-4,0.02904,1.6e-4,0.22033,1.6e-4,0.23408,0.51561
1.6e-4,1.6e-4,1.6e-4,1.6e-4,1.6e-4,1.6e-4,1.6e-4,1.6e-4,0.23669,0.76204
0.01667,0.01667,0.01667,0.84998,0.01667,0.01667,0.01667,0.01667,0.01667,0.01667
1.9e-4,1.9e-4,1.9e-4,0.13759,0.15231,0.62228000000000006,0.03546,1.9e-4,1.9e-4,0.05143
7.9e-4,7.9e-4,0.0565,0.23373,7.9e-4,7.9e-4,7.9e-4,7.9e-4,0.70425,7.9e-4
1.3e-4,1.3e-4,0.07293,0.0158,0.01202,1.3e-4,1.3e-4,1.3e-4,0.07831,0.82029
0.04772,0.05184,1.4e-4,0.06225,1.4e-4,0.0377,1.4e-4,1.4e-4,0.10418,0.69573
0.01314,0.03913,2.2e-4,2.2e-4,2.2e-4,2.2e-4,2.2e-4,2.2e-4,0.23708,0.70931
4.6e-4,4.6e-4,0.56271,0.4336,4.6e-4,4.6e-4,4.6e-4,4.6e-4,4.6e-4,4.6e-4
8.3e-4,8.3e-4,8.3e-4,0.48479,0.03242,8.3e-4,0.47695,8.3e-4,8.3e-4,8.3e-4
0.33313,7.5e-4,7.5e-4,7.5e-4,7.5e-4,7.5e-4,0.08704,7.5e-4,0.5746,7.5e-4
0.05525,0.06376,3.8e-4,3.8e-4,3.8e-4,3.8e-4,3.8e-4,3.8e-4,0.87832,3.8e-4
0.05345,0.51221,2.8e-4,2.8e-4,2.8e-4,2.8e-4,2.8e-4,2.8e-4,0.43239,2.8e-4
4.9e-4,4.9e-4,0.47693,0.07995,4.9e-4,0.28337,4.9e-4,4.9e-4,4.9e-4,0.15683
0.24158,0.2952,0.08929,7.9e-4,7.9e-4,7.9e-4,7.9e-4,7.9e-4,0.36917,7.9e-4
0.00147,0.00147,0.46789,0.00147,0.00147,0.00147,0.00147,0.00147,0.31963,0.20218
0.32619,0.23311,3.3e-4,0.29123,3.3e-4,0.14749,3.3e-4,3.3e-4,3.3e-4,3.3e-4
4.4e-4,4.4e-4,4.4e-4,0.18416,4.4e-4,0.41536,4.4e-4,4.4e-4,0.3974,4.4e-4
0.14896,0.57146,4.4e-4,0.25573,4.4e-4,4.4e-4,4.4e-4,4.4e-4,4.4e-4,0.0212
0.00143,0.51289,0.00143,0.31772,0.00143,0.00143,0.06353,0.00143,0.09729,0.00143
3e-4,3e-4,0.11994,0.38325,3e-4,3e-4,0.29673,3e-4,0.19825,3e-4
0.001,0.001,0.68491,0.001,0.001,0.30709,0.001,0.001,0.001,0.001
0.13551,0.30889,0.32072,4.1e-4,4.1e-4,4.1e-4,4.1e-4,4.1e-4,0.23244,4.1e-4
2.8e-4,0.45554,2.8e-4,2.8e-4,2.8e-4,2.8e-4,0.36358,2.8e-4,0.17892,2.8e-4
0.00143,0.00143,0.00143,0.56209,0.05705,0.00143,0.00143,0.00143,0.37085,0.00143
2.7e-4,0.25961,0.18784,2.7e-4,0.20672,2.7e-4,0.05755,2.7e-4,0.18092,0.10629
0.24729,2.8e-4,0.01724,2.8e-4,0.04983,2.8e-4,0.01593,0.01671,0.65189,2.8e-4
0.06692,0.10554,3.5e-4,3.5e-4,0.5702,3.5e-4,3.5e-4,3.5e-4,0.25522,3.5e-4
0.07352,0.55996,7.9e-4,7.9e-4,7.9e-4,7.9e-4,7.9e-4,7.9e-4,0.36096,7.9e-4
0.13866,0.31839,0.00108,0.26199,0.00108,0.00108,0.00108,0.00108,0.27451,0.00108
0.22815,0.5026,3.4e-4,3.4e-4,3.4e-4,3.4e-4,3.4e-4,3.4e-4,0.26689,3.4e-4
5.3e-4,5.3e-4,5.3e-4,0.12005,0.38402,5.3e-4,5.3e-4,5.3e-4,0.49219,5.3e-4
3.9e-4,0.61794,3.9e-4,0.11717,3.9e-4,3.9e-4,3.9e-4,3.9e-4,0.26217,3.9e-4
0.05781,2.8e-4,0.09138,2.8e-4,0.05721,2.8e-4,0.20113,2.8e-4,0.59109,2.8e-4
0.39179,6.2e-4,6.2e-4,6.2e-4,6.2e-4,6.2e-4,6.2e-4,6.2e-4,0.60327,6.2e-4
0.13544,0.1291,0.26225,2.6e-4,0.10569,2.6e-4,2.6e-4,2.6e-4,0.36621,2.6e-4
0.19769,4.7e-4,4.7e-4,4.7e-4,4.7e-4,0.07666,4.7e-4,4.7e-4,0.63363,0.08922
7.6e-4,7.6e-4,7.6e-4,7.6e-4,7.6e-4,7.6e-4,0.18377,7.6e-4,0.81017,7.6e-4
3.8e-4,3.8e-4,0.14265,3.8e-4,0.02451,3.8e-4,3.8e-4,3.8e-4,0.83021,3.8e-4
0.12934,0.54826,2.8e-4,0.16318,2.8e-4,0.03354,0.00322,2.8e-4,0.12134,2.8e-4
7.4e-4,7.4e-4,7.4e-4,0.08278,7.4e-4,7.4e-4,7.4e-4,7.4e-4,0.9113,7.4e-4
0.1707,2.4e-4,0.03023,2.4e-4,2.4e-4,2.4e-4,2.4e-4,2.4e-4,0.49353,0.30408
0.36023,4.6e-4,4.6e-4,4.6e-4,0.13706,4.6e-4,4.6e-4,4.6e-4,0.41773,0.08224
0.94374,0.00625,0.00625,0.00625,0.00625,0.00625,0.00625,0.00625,0.00625,0.00625
0.12027,0.38479,0.05128,2.1e-4,2.1e-4,2.1e-4,2.1e-4,0.08272,0.35989,2.1e-4
0.23989,3.5e-4,3.5e-4,0.16672,3.5e-4,3.5e-4,0.02289,3.5e-4,0.56837,3.5e-4
4.3e-4,0.18819,4.3e-4,4.3e-4,0.32221,4.3e-4,4.3e-4,0.00752,0.47953,4.3e-4
5e-4,0.12717,0.1922,5e-4,0.0656,5e-4,5e-4,0.47487,0.13765,5e-4
4.3e-4,4.3e-4,0.18545,4.3e-4,4.3e-4,4.3e-4,4.3e-4,0.49183,0.31974,4.3e-4
0.20634,4.2e-4,4.2e-4,4.2e-4,4.2e-4,4.2e-4,4.2e-4,0.20284,0.58785,4.2e-4
0.44219,0.00161,0.00161,0.00161,0.00161,0.00161,0.00161,0.00161,0.5449,0.00161
0.27294,6.6e-4,6.6e-4,6.6e-4,6.6e-4,6.6e-4,6.6e-4,6.6e-4,0.72176,6.6e-4
0.34509,2.4e-4,2.4e-4,0.23011,2.4e-4,2.4e-4,2.4e-4,2.4e-4,0.4231,2.4e-4
3.6e-4,0.1074,3.6e-4,3.6e-4,3.6e-4,3.6e-4,3.6e-4,3.6e-4,0.52844,0.36167
7.5e-4,0.3,7.5e-4,7.5e-4,0.15968,7.5e-4,7.5e-4,7.5e-4,0.50309,0.03273
4.4e-4,0.13402,0.53406,4.4e-4,0.08924,4.4e-4,4.4e-4,4.4e-4,0.24006,4.4e-4
1.9e-4,0.00812,1.9e-4,0.02063,0.0589,0.54122,1.9e-4,0.25735,0.11303,1.9e-4
3.8e-4,0.17593,0.42974,0.11921,3.8e-4,3.8e-4,3.8e-4,3.8e-4,0.27283,3.8e-4
0.09001,3.1e-4,3.1e-4,3.1e-4,3.1e-4,3.1e-4,3.1e-4,3.1e-4,0.90755,3.1e-4
2.2e-4,0.49747,2.2e-4,2.2e-4,2.2e-4,2.2e-4,2.2e-4,2.2e-4,0.16311,0.33787
0.1432,4.7e-4,4.7e-4,4.7e-4,4.7e-4,0.73197,4.7e-4,4.7e-4,0.12157,4.7e-4
6.2e-4,6.2e-4,6.2e-4,6.2e-4,0.02905,6.2e-4,6.2e-4,6.2e-4,0.96601,6.2e-4
0.07375,0.24278,5.6e-4,5.6e-4,5.6e-4,0.01982,5.6e-4,5.6e-4,0.59749,0.06334
0.07006,3.7e-4,3.7e-4,0.15542,3.7e-4,0.19155,3.7e-4,3.7e-4,0.58073,3.7e-4
3.6e-4,0.1339,0.18918,3.6e-4,0.61839,3.6e-4,3.6e-4,3.6e-4,3.6e-4,0.05634
5.9e-4,5.9e-4,5.9e-4,5.9e-4,5.9e-4,5.9e-4,5.9e-4,5.9e-4,0.99467,5.9e-4
1.1e-4,1.1e-4,1.1e-4,1.1e-4,1.1e-4,1.1e-4,1.1e-4,1.1e-4,0.31911,0.68002
0.19639,0.15169,0.14277,0.10588,3.2e-4,3.2e-4,3.2e-4,3.2e-4,0.40167,3.2e-4
0.03982,0.53605,4.1e-4,4.1e-4,0.2208,0.05502,4.1e-4,4.1e-4,0.14627,4.1e-4
6.3e-4,6.3e-4,6.3e-4,6.3e-4,6.3e-4,6.3e-4,6.3e-4,6.3e-4,0.99434,6.3e-4
7.9e-4,7.9e-4,7.9e-4,7.9e-4,0.04918,7.9e-4,7.9e-4,7.9e-4,0.94446,7.9e-4
0.12883,0.24956,2.7e-4,0.24328,2.7e-4,2.7e-4,2.7e-4,2.7e-4,0.37673,2.7e-4
0.09491,4.2e-4,0.63715,4.2e-4,4.2e-4,4.2e-4,4.2e-4,0.21159,0.05384,4.2e-4
0.13498,6.9e-4,6.9e-4,6.9e-4,0.11108,6.9e-4,0.53363,6.9e-4,0.2162,6.9e-4
3.8e-4,0.16722,0.2038,0.10632,0.22919,3.8e-4,3.8e-4,3.8e-4,0.29159,3.8e-4
4.3e-4,4.3e-4,4.3e-4,0.0942,4.3e-4,0.20266,4.3e-4,0.70009,4.3e-4,4.3e-4
0.02303,3.7e-4,3.7e-4,3.7e-4,3.7e-4,3.7e-4,3.7e-4,0.50528,0.30115,0.16833
0.92499,0.00833,0.00834,0.00834,0.00833,0.00833,0.00833,0.00833,0.00834,0.00833
0.46016,9.4e-4,0.0907,0.27395,9.4e-4,9.4e-4,0.14374,9.4e-4,9.4e-4,0.02673
0.22916,5.2e-4,5.2e-4,0.25257,5.2e-4,0.20927,5.2e-4,5.2e-4,0.23272,0.07369
0.00109,0.00109,0.11161,0.00109,0.00109,0.00109,0.00109,0.00109,0.87969,0.00109
2.8e-4,0.18046,2.8e-4,2.8e-4,2.8e-4,2.8e-4,2.8e-4,2.8e-4,0.81731,2.8e-4
0.07909,4.3e-4,0.06957,4.3e-4,4.3e-4,4.3e-4,4.3e-4,4.3e-4,0.84834,4.3e-4
4.6e-4,0.15646,4.6e-4,4.6e-4,4.6e-4,4.6e-4,4.6e-4,4.6e-4,0.83989,4.6e-4
3.8e-4,3.8e-4,3.8e-4,3.8e-4,3.8e-4,0.25624,3.8e-4,3.8e-4,0.48119,0.25991
0.17363,0.17796,5.8e-4,0.64436,5.8e-4,5.8e-4,5.8e-4,5.8e-4,5.8e-4,5.8e-4
3.7e-4,3.7e-4,0.581,3.7e-4,3.7e-4,3.7e-4,0.29929,3.7e-4,3.7e-4,0.11714
1.4e-4,1.4e-4,1.4e-4,1.4e-4,1.4e-4,1.4e-4,1.4e-4,1.4e-4,1.4e-4,0.99874
0.32923,5.1e-4,5.1e-4,5.1e-4,5.1e-4,5.1e-4,5.1e-4,5.1e-4,0.14253,0.52465
0.13918,5.1e-4,5.1e-4,0.29527,5.1e-4,5.1e-4,5.1e-4,0.46743,0.09509,5.1e-4
4.1e-4,4.1e-4,4.1e-4,4.1e-4,4.1e-4,4.1e-4,4.1e-4,4.1e-4,0.99628,4.1e-4
0.13653,4.9e-4,4.9e-4,4.9e-4,4.9e-4,4.9e-4,4.9e-4,4.9e-4,0.7562,0.10387
0.14331,7.6e-4,0.38921,0.4147,7.6e-4,7.6e-4,7.6e-4,0.04821,7.6e-4,7.6e-4
4.4e-4,4.4e-4,0.08907,4.4e-4,0.85745,0.05037,4.4e-4,4.4e-4,4.4e-4,4.4e-4
1.9e-4,1.9e-4,1.9e-4,1.9e-4,1.9e-4,1.9e-4,0.07185,0.87104,1.9e-4,0.0558
2.3e-4,2.3e-4,2.3e-4,0.13398,0.08889,2.3e-4,2.3e-4,0.10251,0.67322,2.3e-4
2.7e-4,0.38655,2.7e-4,2.7e-4,2.7e-4,2.7e-4,2.7e-4,2.7e-4,0.50053,0.11106
2.1e-4,2.1e-4,2.1e-4,0.13975,2.1e-4,2.1e-4,0.4903,0.01209,0.25245,0.10437
0.98421,0.00175,0.00175,0.00175,0.00175,0.00175,0.00175,0.00175,0.00175,0.00175
0.10156,4.8e-4,0.7321,0.16297,4.8e-4,4.8e-4,4.8e-4,4.8e-4,4.8e-4,4.8e-4
3.6e-4,3.6e-4,0.01628,3.6e-4,0.03191,3.6e-4,3.6e-4,3.6e-4,0.32981,0.61983
0.00114,0.00114,0.00114,0.41161,0.00114,0.00114,0.00114,0.00114,0.57929,0.00114
3.1e-4,3.1e-4,0.88746,3.1e-4,0.02855,3.1e-4,0.0818,3.1e-4,3.1e-4,3.1e-4
0.03334,0.03334,0.31322,0.03334,0.03333,0.03334,0.03334,0.03334,0.42009,0.03334
3.8e-4,3.8e-4,0.25257,0.05791,0.21869,3.8e-4,3.8e-4,3.8e-4,0.46854,3.8e-4
0.00213,0.00213,0.48282,0.00213,0.00213,0.00213,0.00213,0.00213,0.50016,0.00213
0.00233,0.00233,0.84435,0.00233,0.13704,0.00233,0.00233,0.00233,0.00233,0.00233
3.2e-4,3.2e-4,0.16885,0.3752,3.2e-4,3.2e-4,3.2e-4,3.2e-4,0.45374,3.2e-4
7.7e-4,7.7e-4,0.85591,0.13793,7.7e-4,7.7e-4,7.7e-4,7.7e-4,7.7e-4,7.7e-4
4.4e-4,4.4e-4,4.4e-4,4.4e-4,0.14206,0.421,4.4e-4,0.25977,0.17453,4.4e-4
0.26074,5.8e-4,0.08973,0.17866,0.16783,0.30015,5.8e-4,5.8e-4,5.8e-4,5.8e-4
0.08898,4.4e-4,4.4e-4,4.4e-4,0.45322,0.36977,4.4e-4,0.08536,4.4e-4,4.4e-4
0.11121,2.4e-4,2.4e-4,2.4e-4,2.4e-4,2.4e-4,2.4e-4,0.0072,2.4e-4,0.87991
0.43334,5.2e-4,0.28542,5.2e-4,5.2e-4,5.2e-4,5.2e-4,5.2e-4,0.27759,5.2e-4
4e-4,0.20039,0.083,0.3733,0.32047,4e-4,0.02082,4e-4,4e-4,4e-4
4.1e-4,4.1e-4,0.27296,0.61213,4.1e-4,0.08255,4.1e-4,4.1e-4,0.02991,4.1e-4
5e-4,5e-4,0.49306,0.2705,5e-4,5e-4,0.23295,5e-4,5e-4,5e-4
0.98125,0.00208,0.00208,0.00208,0.00208,0.00208,0.00208,0.00208,0.00208,0.00208
3.4e-4,3.4e-4,3.4e-4,0.08728,3.4e-4,3.4e-4,0.91,3.4e-4,3.4e-4,3.4e-4
0.90999,0.01,0.01,0.01,0.01,0.01,0.01,0.01,0.01,0.01
0.94947,1.7e-4,0.04919,1.7e-4,1.7e-4,1.7e-4,1.7e-4,1.7e-4,1.7e-4,1.7e-4
0.99785,2.4e-4,2.4e-4,2.4e-4,2.4e-4,2.4e-4,2.4e-4,2.4e-4,2.4e-4,2.4e-4
3.2e-4,3.2e-4,3.2e-4,0.34779,0.0247,0.34401,0.28158,3.2e-4,3.2e-4,3.2e-4
0.2096,0.00196,0.00196,0.00196,0.00196,0.16383,0.00196,0.28806,0.00196,0.32674
0.20761,6.3e-4,6.3e-4,6.3e-4,6.3e-4,6.3e-4,6.3e-4,6.3e-4,6.3e-4,0.78739
0.99151,9.4e-4,9.4e-4,9.4e-4,9.4e-4,9.4e-4,9.4e-4,9.4e-4,9.4e-4,9.4e-4
0.98767,0.00137,0.00137,0.00137,0.00137,0.00137,0.00137,0.00137,0.00137,0.00137
0.98989,0.00112,0.00112,0.00112,0.00112,0.00112,0.00112,0.00112,0.00112,0.00112
0.48686,0.00147,0.00147,0.50137,0.00147,0.00147,0.00147,0.00147,0.00147,0.00147
5.1e-4,5.1e-4,0.2797,0.1563,5.1e-4,5.1e-4,5.1e-4,5.1e-4,0.44527,0.11566
5.5e-4,5.5e-4,0.18939,0.80623,5.5e-4,5.5e-4,5.5e-4,5.5e-4,5.5e-4,5.5e-4
0.13603,0.0197,0.07707,0.76503,3.6e-4,3.6e-4,3.6e-4,3.6e-4,3.6e-4,3.6e-4
0.16505,3.3e-4,3.3e-4,0.33531,3.3e-4,3.3e-4,3.3e-4,0.19177,0.12389,0.18231
0.00286,0.00286,0.00286,0.00286,0.00286,0.00286,0.97428,0.00286,0.00286,0.00286
0.01781,2.4e-4,0.22315,0.02407,2.4e-4,0.11195,2.4e-4,2.4e-4,0.62184,2.4e-4
2.8e-4,2.8e-4,2.8e-4,2.8e-4,2.8e-4,2.8e-4,2.8e-4,2.8e-4,0.99744,2.8e-4
0.01849,1.5e-4,1.5e-4,1.5e-4,1.5e-4,1.5e-4,1.5e-4,1.5e-4,1.5e-4,0.98035
1.8e-4,1.8e-4,1.8e-4,1.8e-4,1.8e-4,1.8e-4,1.8e-4,1.8e-4,1.8e-4,0.99838
0.03891,4.6e-4,0.05887,4.6e-4,0.18382,0.13146,4.6e-4,4.6e-4,0.4672,0.11789
0.22513,0.00093000000000000005,0.47162,0.00093000000000000005,0.00093000000000000005,0.00093000000000000005,0.00093000000000000005,0.00093000000000000005,0.29671,0.00093000000000000005
7.2e-4,7.2e-4,0.99352,7.2e-4,7.2e-4,7.2e-4,7.2e-4,7.2e-4,7.2e-4,7.2e-4
0.69029,0.00175,0.00175,0.18909,0.10833,0.00175,0.00176,0.00176,0.00175,0.00175
2.7e-4,2.7e-4,0.18897,2.7e-4,0.10849,2.7e-4,2.7e-4,2.7e-4,0.19986,0.50108
0.08953,9.5e-4,0.27771,9.5e-4,9.5e-4,9.5e-4,9.5e-4,0.62609,9.5e-4,9.5e-4
5.2e-4,5.2e-4,0.50016,5.2e-4,0.08367,5.2e-4,5.2e-4,0.41252,5.2e-4,5.2e-4
0.96243,2.2e-4,2.2e-4,2.2e-4,2.2e-4,0.02452,2.2e-4,2.2e-4,2.2e-4,0.01148
0.00968,1e-4,0.05086,1e-4,0.01464,0.07574,1e-4,0.0904,1e-4,0.75828
0.00111,0.00111,0.65005,0.00111,0.00111,0.07256,0.00111,0.00111,0.26961,0.00111
1.1e-4,1.1e-4,0.24608,1.1e-4,1.1e-4,1.1e-4,1.1e-4,1.1e-4,0.75305,1.1e-4
0.12667,2.7e-4,0.30542,0.33842,2.7e-4,2.7e-4,0.11564,2.7e-4,0.11249,2.7e-4
0.49172,0.00139,0.22946,0.23783,0.03264,0.00139,0.00139,0.00139,0.00139,0.00139
0.13115,5.7e-4,0.46088,0.09098,0.07546,5.7e-4,0.21977,0.01948,5.7e-4,5.7e-4
0.07855,2.8e-4,0.13684,2.8e-4,2.8e-4,2.8e-4,2.9e-4,2.8e-4,0.78262,2.8e-4
2.8e-4,2.8e-4,0.67146,2.8e-4,2.8e-4,2.8e-4,0.32626,2.8e-4,2.8e-4,2.8e-4
4.1e-4,4.1e-4,0.36633,0.63039,4.1e-4,4.1e-4,4.1e-4,4.1e-4,4.1e-4,4.1e-4
5.2e-4,5.2e-4,5.2e-4,5.2e-4,5.2e-4,5.2e-4,0.11135,0.88446,5.2e-4,5.2e-4
0.66711,0.00103,0.32464,0.00103,0.00103,0.00103,0.00103,0.00103,0.00103,0.00103
0.17293,4.5e-4,0.31279,4.5e-4,4.5e-4,4.5e-4,4.5e-4,0.04066,0.47089,4.5e-4
0.00105,0.03347,0.00105,0.00105,0.23462,0.00105,0.00105,0.00105,0.626,0.0996
4.8e-4,4.8e-4,0.76077,4.8e-4,4.8e-4,4.8e-4,0.23537,4.8e-4,4.8e-4,4.8e-4
0.001,0.001,0.68105,0.26568,0.001,0.001,0.001,0.001,0.04627,0.001
2.5e-4,2.5e-4,0.50501,2.5e-4,2.5e-4,2.5e-4,0.49299,2.5e-4,2.5e-4,2.5e-4
4.3e-4,0.56176,4.3e-4,4.3e-4,4.3e-4,0.29298,4.3e-4,4.3e-4,0.14223,4.3e-4
1.8e-4,0.03462,1.8e-4,0.0633,1.8e-4,1.8e-4,1.8e-4,1.8e-4,0.81429,0.0867
0.2605,9.7e-4,9.7e-4,0.22711,9.7e-4,9.7e-4,9.7e-4,9.7e-4,0.50559,9.7e-4
0.10345,3e-4,0.21263,0.33615,3e-4,3e-4,3e-4,3e-4,0.18981,0.15644
0.01832,0.61268,2.1e-4,2.1e-4,2.1e-4,2.1e-4,2.1e-4,2.1e-4,2.1e-4,0.36754
2.2e-4,2.2e-4,2.2e-4,0.35618,0.22437000000000001,0.14444,2.2e-4,2.2e-4,0.27368,2.2e-4
6.4e-4,6.4e-4,0.52255,6.4e-4,6.4e-4,6.4e-4,0.31913,0.05948,0.095,6.4e-4
0.50367,0.00102,0.00102,0.48816,0.00102,0.00102,0.00102,0.00102,0.00102,0.00102
1.3e-4,1.3e-4,1.3e-4,1.3e-4,1.3e-4,1.3e-4,1.3e-4,1.3e-4,1.3e-4,0.99887
0.20514,6.8e-4,0.60061,0.18949,6.8e-4,6.8e-4,6.8e-4,6.8e-4,6.8e-4,6.8e-4
4.4e-4,4.4e-4,0.44412,0.11058,4.4e-4,4.4e-4,4.4e-4,4.4e-4,0.44219,4.4e-4
0.18633,6.8e-4,6.8e-4,6.8e-4,6.8e-4,6.8e-4,6.8e-4,6.8e-4,0.16453,0.64438
1.3e-4,1.3e-4,0.10153,0.05612,0.04474,1.3e-4,1.3e-4,1.3e-4,0.23173,0.56525
6.1e-4,6.1e-4,6.1e-4,6.1e-4,6.1e-4,6.1e-4,6.1e-4,6.1e-4,0.93308,0.06201
3.8e-4,3.8e-4,3.8e-4,3.8e-4,3.8e-4,3.8e-4,3.8e-4,3.8e-4,0.42711,0.56987
4.9e-4,4.9e-4,0.25537,0.57441,4.9e-4,0.05663,0.11063,4.9e-4,4.9e-4,4.9e-4
7.8e-4,7.8e-4,0.42963,0.56417,7.8e-4,7.8e-4,7.8e-4,7.8e-4,7.8e-4,7.8e-4
4.5e-4,4.5e-4,0.5067,0.48973,4.5e-4,4.5e-4,4.5e-4,4.5e-4,4.5e-4,4.5e-4
0.06456,6.5e-4,6.5e-4,0.21344,0.28502,0.34334,6.5e-4,0.02688,6.5e-4,0.06413
3.5e-4,3.5e-4,0.69359,0.17833,0.01902,3.5e-4,0.0827,3.5e-4,3.5e-4,0.02463
0.31234,2.3e-4,0.26336,0.39545,0.02747,2.3e-4,2.3e-4,2.3e-4,2.3e-4,2.3e-4
4.4e-4,4.4e-4,0.06263,0.15151,4.4e-4,4.4e-4,4.4e-4,4.4e-4,0.12682,0.65642
5.8e-4,5.8e-4,0.01435,5.8e-4,0.02769,0.77305,5.8e-4,5.8e-4,0.18141,5.8e-4
0.11354,0.35802,5.8e-4,5.8e-4,5.8e-4,5.8e-4,5.8e-4,0.12115,0.37107,0.03332
3.3e-4,3.3e-4,0.06815,3.3e-4,0.13763,3.3e-4,3.3e-4,3.3e-4,0.79191,3.3e-4
0.05404,3.5e-4,0.05673,3.5e-4,3.5e-4,3.5e-4,3.5e-4,0.01708,0.87003,3.5e-4
0.15152,0.05363,3.2e-4,0.26877,3.2e-4,3.2e-4,3.2e-4,3.2e-4,0.52418,3.2e-4
3.7e-4,3.7e-4,0.5861,3.7e-4,3.7e-4,0.03288,3.7e-4,0.05204,3.7e-4,0.32679
5.2e-4,5.2e-4,0.31679,0.51361,5.2e-4,5.2e-4,5.2e-4,5.2e-4,0.14167,0.02484
3.3e-4,0.01668,3.3e-4,0.77546,3.3e-4,3.3e-4,0.20554,3.3e-4,3.3e-4,3.3e-4
1.7e-4,1.7e-4,1.7e-4,0.04028,1.7e-4,1.7e-4,0.06263,1.7e-4,1.7e-4,0.89588
0.0729,5.7e-4,0.32007,0.40094,5.7e-4,5.7e-4,5.7e-4,5.7e-4,0.20264,5.7e-4
0.24274,0.15298,0.00175,0.00175,0.00175,0.00175,0.00175,0.42121,0.00176,0.17253
0.00145,0.00145,0.00145,0.73715,0.00145,0.00145,0.00145,0.00145,0.25125,0.00145
0.3655,4e-4,4e-4,0.11146,4e-4,4e-4,4e-4,0.06392,0.45675,4e-4
0.21168,3.5e-4,0.32495,0.15777,0.09767,3.5e-4,0.12213,3.5e-4,0.08438,3.5e-4
1.9e-4,0.03597,0.02063,1.9e-4,1.9e-4,0.03145,1.9e-4,1.9e-4,0.05746,0.85353
2.7e-4,0.41922,2.7e-4,0.12694,2.7e-4,2.7e-4,2.7e-4,2.7e-4,2.7e-4,0.45199
0.18245,3.4e-4,0.08637,0.51218,3.4e-4,3.4e-4,0.08478,3.4e-4,0.13254,3.4e-4
0.55509,9.4e-4,9.4e-4,0.12295,9.4e-4,9.4e-4,9.4e-4,0.04636,9.4e-4,0.26993
0.03827,7e-4,0.9561,7e-4,7e-4,7e-4,7e-4,7e-4,7e-4,7e-4
2.3e-4,2.3e-4,0.1931,0.18356,0.0462,0.06406,2.3e-4,2.3e-4,0.15243,0.35972
0.05071,4.7e-4,0.13301,0.65115,4.7e-4,4.7e-4,4.7e-4,4.7e-4,0.16228,4.7e-4
3.1e-4,3.1e-4,0.70192,0.26998,3.1e-4,3.1e-4,0.02591,3.1e-4,3.1e-4,3.1e-4
0.08415,4.1e-4,0.64991,4.1e-4,4.1e-4,4.1e-4,0.26307,4.1e-4,4.1e-4,4.1e-4
3.5e-4,3.5e-4,3.5e-4,0.43439,3.5e-4,3.5e-4,0.56277,3.5e-4,3.5e-4,3.5e-4
3.4e-4,3.4e-4,3.4e-4,3.4e-4,3.4e-4,3.4e-4,3.4e-4,3.4e-4,3.4e-4,0.99697
5.6e-4,5.6e-4,0.64166,0.3539,5.6e-4,5.6e-4,5.6e-4,5.6e-4,5.6e-4,5.6e-4
2.3e-4,0.01059,0.57755,0.41023,2.3e-4,2.3e-4,2.3e-4,2.3e-4,2.3e-4,2.3e-4
7.4e-4,7.4e-4,0.42197,0.5721,7.4e-4,7.4e-4,7.4e-4,7.4e-4,7.4e-4,7.4e-4
3.5e-4,3.5e-4,3.5e-4,0.99681,3.5e-4,3.5e-4,3.5e-4,3.5e-4,3.5e-4,3.5e-4
5e-4,0.09774,5e-4,0.88668,5e-4,5e-4,5e-4,0.01209,5e-4,5e-4
6.9e-4,6.9e-4,0.166,6.9e-4,6.9e-4,6.9e-4,6.9e-4,6.9e-4,0.82848,6.9e-4
3.3e-4,3.3e-4,0.56512,0.33408,3.3e-4,3.3e-4,0.09846,3.3e-4,3.3e-4,3.3e-4
6.5e-4,6.5e-4,0.99415,6.5e-4,6.5e-4,6.5e-4,6.5e-4,6.5e-4,6.5e-4,6.5e-4
5.8e-4,5.8e-4,0.4662,0.30262,5.8e-4,5.8e-4,5.8e-4,0.01646,0.21122,5.8e-4
4.2e-4,4.2e-4,4.2e-4,0.21298,0.06917,4.2e-4,0.45101,4.2e-4,0.2643,4.2e-4
0.6185,0.02505,2.3e-4,0.10849,2.3e-4,2.3e-4,2.3e-4,2.3e-4,0.20908,0.03774
0.04542,1.7e-4,1.7e-4,1.7e-4,0.02128,0.05954,0.03464,1.7e-4,0.79619,0.04223
4.4e-4,4.4e-4,0.12254,0.09954,0.17558000000000001,4.4e-4,0.59971,4.4e-4,4.4e-4,4.4e-4
0.78823,8.6e-4,8.6e-4,0.0838,8.6e-4,8.6e-4,8.6e-4,8.6e-4,0.12193,8.6e-4
0.35005,0.00175,0.00175,0.00175,0.00175,0.00175,0.06906,0.00175,0.5686,0.00175
6.8e-4,6.8e-4,0.52753,6.8e-4,6.8e-4,6.8e-4,6.8e-4,6.8e-4,6.8e-4,0.46707
0.72833,0.00149,0.00149,0.00149,0.00149,0.00149,0.02161,0.00149,0.16673,0.07437
2.5e-4,2.5e-4,2.5e-4,2.5e-4,2.5e-4,2.5e-4,2.5e-4,2.5e-4,2.5e-4,0.99777
0.06522,4e-4,0.21721,4e-4,0.33066,4e-4,4e-4,4e-4,4e-4,0.38448
0.31526,1.6e-4,1.6e-4,1.6e-4,1.6e-4,1.6e-4,1.6e-4,1.6e-4,0.64931,0.03429
0.11557,5.8e-4,0.83413,5.8e-4,5.8e-4,0.04625,5.8e-4,5.8e-4,5.8e-4,5.8e-4
0.09645,6e-4,0.1535,0.74588,6e-4,6e-4,6e-4,6e-4,6e-4,6e-4
0.00123,0.00123,0.24759,0.74253,0.00123,0.00123,0.00123,0.00123,0.00123,0.00123
1.2e-4,1.2e-4,0.34953,1.2e-4,1.2e-4,0.11625,1.2e-4,1.2e-4,0.32541,0.20812
0.16812,0.30036,6e-4,0.22639,6e-4,6e-4,6e-4,6e-4,0.30154,6e-4
1.6e-4,0.25846,1.6e-4,0.04811,0.10833,0.5617,1.6e-4,0.02261,1.6e-4,1.6e-4
3.7e-4,3.7e-4,0.01168,3.7e-4,3.7e-4,3.7e-4,3.7e-4,0.61354,3.7e-4,0.37222
2.6e-4,0.03671,2.6e-4,0.14809,0.01805,0.41629,2.6e-4,2.6e-4,0.37956,2.6e-4
5.7e-4,5.7e-4,0.32506,0.51108,5.7e-4,5.7e-4,0.15983,5.7e-4,5.7e-4,5.7e-4
0.0125,0.0125,0.70726,0.19273,0.0125,0.0125,0.0125,0.0125,0.0125,0.0125
0.11883,3.8e-4,0.78502,3.8e-4,3.8e-4,3.8e-4,3.8e-4,3.8e-4,3.8e-4,0.09347
3.3e-4,0.03222,0.52195,3.3e-4,0.06554,3.3e-4,3.3e-4,3.3e-4,0.34307,0.03555
6e-4,6e-4,0.99461,6e-4,6e-4,6e-4,6e-4,6e-4,6e-4,6e-4
7.8e-4,7.8e-4,0.31659,0.67716,7.8e-4,7.8e-4,7.8e-4,7.8e-4,7.8e-4,7.8e-4
2.7e-4,2.7e-4,2.7e-4,0.28246,0.07179,0.59912,2.7e-4,2.7e-4,2.7e-4,0.04499
3.3e-4,0.21535,0.13458,0.44184,3.3e-4,3.3e-4,0.04026,3.3e-4,0.16632,3.3e-4
0.98656,0.00149,0.00149,0.00149,0.00149,0.00149,0.00149,0.00149,0.00149,0.00149
0.24342,6e-4,6e-4,0.57775,6e-4,6e-4,6e-4,6e-4,0.17461,6e-4
0.00116,0.00116,0.97108,0.00116,0.01962,0.00116,0.00116,0.00116,0.00116,0.00116
0.4986,0.0017,0.48784,0.0017,0.0017,0.0017,0.0017,0.0017,0.0017,0.0017
5.1e-4,5.1e-4,0.3009,0.55582,5.1e-4,5.1e-4,5.1e-4,5.1e-4,5.1e-4,0.13975
0.63609,0.00128,0.18913,0.11893,0.00128,0.00128,0.04816,0.00128,0.00128,0.00128
4.3e-4,4.3e-4,0.93824,4.3e-4,4.3e-4,4.3e-4,0.05831,4.3e-4,4.3e-4,4.3e-4
3.7e-4,0.30298,0.38656,3.7e-4,3.7e-4,0.06287,3.7e-4,0.24536,3.7e-4,3.7e-4
0.05135,5.7e-4,0.23174,0.59901,0.03733,5.7e-4,5.7e-4,5.7e-4,0.07774,5.7e-4
4.6e-4,4.6e-4,0.81939,0.09264,4.6e-4,0.08472,4.6e-4,4.6e-4,4.6e-4,4.6e-4
0.11427,3.7e-4,0.55907,0.29896,3.7e-4,0.02551,3.7e-4,3.7e-4,3.7e-4,3.7e-4
4.6e-4,4.6e-4,0.89562,0.10068,4.6e-4,4.6e-4,4.6e-4,4.6e-4,4.6e-4,4.6e-4
5.1e-4,5.1e-4,0.47216,0.52374,5.1e-4,5.1e-4,5.1e-4,5.1e-4,5.1e-4,5.1e-4
5.7e-4,5.7e-4,0.46342,0.31234,5.7e-4,0.14754,0.07328,5.7e-4,5.7e-4,5.7e-4
2.3e-4,2.3e-4,0.72465,0.23569,0.03804,2.3e-4,2.3e-4,2.3e-4,2.3e-4,2.3e-4
0.16783,5.6e-4,0.6079,0.22038,5.6e-4,5.6e-4,5.6e-4,5.6e-4,5.6e-4,5.6e-4
5.3e-4,0.28693,0.70883,5.3e-4,5.3e-4,5.3e-4,5.3e-4,5.3e-4,5.3e-4,5.3e-4
2.2e-4,2.2e-4,0.97717,2.2e-4,2.2e-4,2.2e-4,2.2e-4,2.2e-4,2.2e-4,0.02105
8.5e-4,8.5e-4,0.99237,8.5e-4,8.5e-4,8.5e-4,8.5e-4,8.5e-4,8.5e-4,8.5e-4
2.2e-4,2.2e-4,0.32806,0.54844,2.2e-4,0.055,2.2e-4,0.03031,2.2e-4,0.03711
2.4e-4,2.4e-4,0.17337,2.4e-4,2.4e-4,0.37562,2.4e-4,0.44933,2.4e-4,2.4e-4
3.8e-4,3.8e-4,0.55481,0.44213,3.8e-4,3.8e-4,3.8e-4,3.8e-4,3.8e-4,3.8e-4
0.00164,0.00164,0.8101,0.17678,0.00164,0.00164,0.00164,0.00164,0.00164,0.00164
3.5e-4,3.5e-4,0.08583,3.5e-4,0.30734,0.0848,3.5e-4,0.43308,3.5e-4,0.08721
2.7e-4,0.31777,0.47014,0.12085,0.03747,0.0524,2.7e-4,2.7e-4,2.7e-4,2.7e-4
3.2e-4,3.2e-4,0.55896,3.2e-4,3.2e-4,0.25439,0.18438,3.2e-4,3.2e-4,3.2e-4
0.2044,5.1e-4,0.2545,0.3012,5.1e-4,5.1e-4,0.21319,5.1e-4,0.02418,5.1e-4
0.00133,0.00133,0.91535,0.07398,0.00133,0.00133,0.00133,0.00133,0.00133,0.00133
4.8e-4,4.8e-4,0.4149,4.8e-4,4.8e-4,0.10575,0.47596,4.8e-4,4.8e-4,4.8e-4
4.3e-4,0.94279,4.3e-4,4.3e-4,0.05381,4.3e-4,4.3e-4,4.3e-4,4.3e-4,4.3e-4
0.04345,0.4391,0.43471,2.1e-4,2.1e-4,2.1e-4,2.1e-4,2.1e-4,0.06571,0.01596
0.09873,0.67232,1.2e-4,1.2e-4,1.2e-4,0.02596,1.2e-4,1.2e-4,0.20226,1.2e-4
0.11333,0.00167,0.00167,0.00167,0.10198,0.61545,0.15924,0.00167,0.00167,0.00167
0.09124,3e-4,3e-4,3e-4,3e-4,3e-4,3e-4,3e-4,0.1507,0.75598
0.05954,5.3e-4,5.3e-4,0.04251,5.3e-4,5.3e-4,5.3e-4,5.3e-4,5.3e-4,0.89427
6.8e-4,6.8e-4,0.51645,0.31546,0.16337,6.8e-4,6.8e-4,6.8e-4,6.8e-4,6.8e-4
6e-4,6e-4,0.48543,0.22472,6e-4,6e-4,0.28568,6e-4,6e-4,6e-4
0.00769,0.00769,0.00769,0.00769,0.00769,0.00769,0.00769,0.93076,0.00769,0.00769
0.17574,2.3e-4,0.23489,0.14182,2.3e-4,2.3e-4,0.44614,2.3e-4,2.3e-4,2.3e-4
3.4e-4,3.4e-4,0.64409,3.4e-4,3.4e-4,0.35317,3.4e-4,3.4e-4,3.4e-4,3.4e-4
3.5e-4,3.5e-4,0.36541,3.5e-4,3.5e-4,3.5e-4,0.63178,3.5e-4,3.5e-4,3.5e-4
0.17711,7.9e-4,0.32417,7.9e-4,7.9e-4,7.9e-4,7.9e-4,7.9e-4,0.49321,7.9e-4
1.8e-4,1.8e-4,0.41232,0.19005,0.01264,0.38394,1.8e-4,1.8e-4,1.8e-4,1.8e-4
0.31375,0.06884,2.3e-4,0.49034,2.3e-4,2.3e-4,2.3e-4,2.3e-4,0.12566,2.3e-4
6.1e-4,6.1e-4,6.1e-4,6.1e-4,6.1e-4,0.05584,6.1e-4,0.46478,0.38832,0.08742
2.3e-4,0.03083,0.12635,2.3e-4,2.3e-4,0.15581,2.3e-4,2.3e-4,0.68564,2.3e-4
7.9e-4,7.9e-4,7.9e-4,0.63556,7.9e-4,7.9e-4,7.9e-4,7.9e-4,0.35809,7.9e-4
3.6e-4,3.6e-4,3.6e-4,0.92102,3.6e-4,3.6e-4,3.6e-4,3.6e-4,0.07612,3.6e-4
0.17888,0.45242,0.28413,6.4e-4,6.4e-4,6.4e-4,6.4e-4,0.06166,6.4e-4,0.01973
3.8e-4,0.35134,0.07483,0.15665,0.24492,3.8e-4,3.8e-4,3.8e-4,3.8e-4,0.17038
2.7e-4,0.02188,2.7e-4,0.0607,0.18523,0.2072,2.7e-4,2.7e-4,0.36283,0.16107
2.3e-4,0.95051,2.3e-4,2.3e-4,2.3e-4,2.3e-4,2.3e-4,2.3e-4,2.3e-4,0.04765
0.12316,0.08145,4.1e-4,4.1e-4,0.04278,4.1e-4,4.1e-4,4.1e-4,0.48828,0.26227
1.5e-4,0.01327,0.62457,0.04178,1.5e-4,1.5e-4,0.06301,0.03847,0.20164,0.0168
0.01561,0.25162,5.7e-4,0.14875,5.7e-4,0.1813,5.7e-4,0.03127,0.10362,0.26614
7.6e-4,0.33628,7.6e-4,7.6e-4,0.04113,7.6e-4,7.6e-4,7.6e-4,0.61728,7.6e-4
0.30635,2.9e-4,2.9e-4,0.07846,2.9e-4,2.9e-4,2.9e-4,0.00602,0.6074,2.9e-4
0.09763,0.24082,0.05974,0.0807,0.0436,0.38309,0.09366,2.6e-4,2.6e-4,2.6e-4
0.23873,4.4e-4,0.08028,4.4e-4,4.4e-4,4.4e-4,4.4e-4,0.05304,0.24462,0.38115
0.22592,0.12568,3.4e-4,0.47596,3.4e-4,3.4e-4,3.4e-4,3.4e-4,0.17042,3.4e-4
3.6e-4,0.18084,3.6e-4,3.6e-4,0.04681,3.6e-4,3.6e-4,3.6e-4,0.76986,3.6e-4
3.3e-4,3.3e-4,3.3e-4,3.3e-4,3.3e-4,3.3e-4,3.3e-4,0.78211,0.21522,3.3e-4
2.6e-4,0.03561,2.6e-4,0.05762,0.39496,2.6e-4,2.6e-4,2.6e-4,0.13722,0.37328
3.3e-4,0.42311,3.3e-4,3.3e-4,3.3e-4,3.3e-4,3.3e-4,3.3e-4,0.40036,0.17421
0.006,0.09749,3.4e-4,3.4e-4,0.205,3.4e-4,3.4e-4,3.4e-4,0.68949,3.4e-4
3.5e-4,0.65735,3.5e-4,3.5e-4,3.5e-4,0.1042,3.5e-4,3.5e-4,0.17765,0.05871
2e-4,2e-4,0.24434,0.49243,2e-4,2e-4,2e-4,2e-4,0.26184,2e-4
5.3e-4,5.3e-4,0.42114,5.3e-4,0.14849,5.3e-4,0.3417,5.3e-4,5.3e-4,0.08551
0.11196,0.45712,4.3e-4,4.3e-4,0.05108,4.3e-4,0.03372,4.3e-4,0.34394,4.3e-4
1.4e-4,0.11149,1.4e-4,0.1181,1.4e-4,1.4e-4,1.4e-4,0.10855,0.65525,0.00589
0.10361,0.56964,4.9e-4,0.08127,0.24256,4.9e-4,4.9e-4,4.9e-4,4.9e-4,4.9e-4
0.00143,0.12527,0.00143,0.00143,0.00143,0.00143,0.00143,0.00143,0.8633,0.00143
4.4e-4,4.4e-4,0.30744,4.4e-4,4.4e-4,0.01174,4.4e-4,0.01017,0.66801,4.4e-4
3.7e-4,0.64653,3.7e-4,0.14042,3.7e-4,3.7e-4,3.7e-4,3.7e-4,0.21047,3.7e-4
0.15091,8.6e-4,8.6e-4,8.6e-4,8.6e-4,8.6e-4,8.6e-4,8.6e-4,0.84219,8.6e-4
0.15009,3e-4,3e-4,0.37874,3e-4,3e-4,0.46906,3e-4,3e-4,3e-4
0.00364,1.8e-4,0.24734,0.42618,0.32178,1.8e-4,1.8e-4,1.8e-4,1.8e-4,1.8e-4
0.10519,0.09336,5.7e-4,0.31653,5.7e-4,5.7e-4,5.7e-4,5.7e-4,0.48153,5.7e-4
0.0946,3.1e-4,0.74731,3.1e-4,3.1e-4,3.1e-4,0.15595,3.1e-4,3.1e-4,3.1e-4
5.6e-4,5.6e-4,5.6e-4,0.53478,5.6e-4,5.6e-4,5.6e-4,5.6e-4,0.46077,5.6e-4
5.5e-4,5.5e-4,0.77601,0.21962,5.5e-4,5.5e-4,5.5e-4,5.5e-4,5.5e-4,5.5e-4
0.23059,4.3e-4,0.60861,4.3e-4,4.3e-4,0.15778,4.3e-4,4.3e-4,4.3e-4,4.3e-4
2.7e-4,0.04072,0.08157,2.7e-4,2.7e-4,2.7e-4,2.7e-4,2.7e-4,0.75946,0.11664
1.6e-4,1.6e-4,1.6e-4,1.6e-4,0.02677,1.6e-4,1.6e-4,0.45343,0.17794,0.34092
0.98816,0.00132,0.00132,0.00132,0.00132,0.00132,0.00132,0.00132,0.00132,0.00132
3.9e-4,0.62779,0.13917,3.9e-4,3.9e-4,3.9e-4,3.9e-4,3.9e-4,0.23028,3.9e-4
0.68902,6.1e-4,6.1e-4,6.1e-4,0.08597,6.1e-4,6.1e-4,6.1e-4,0.22072,6.1e-4
0.01,0.01,0.90998,0.01,0.01,0.01,0.01,0.01,0.01,0.01
0.93142,3.3e-4,3.3e-4,3.3e-4,0.03288,3.3e-4,0.03338,3.3e-4,3.3e-4,3.3e-4
0.56653,4.5e-4,0.29347,4.5e-4,0.1082,4.5e-4,4.5e-4,0.02907,4.5e-4,4.5e-4
0.00106,0.00106,0.00106,0.00106,0.38563,0.00106,0.00106,0.00106,0.60586,0.00106
7.6e-4,7.6e-4,0.08596,0.2451,0.22293,7.6e-4,0.0958,7.6e-4,0.34639,7.6e-4
0.98175,0.00093000000000000005,0.00093000000000000005,0.00093000000000000005,0.00093000000000000005,0.01077,0.00093000000000000005,0.00093000000000000005,0.00093000000000000005,0.00093000000000000005
0.07669,1e-4,1e-4,1e-4,1e-4,1e-4,1e-4,1e-4,1e-4,0.92254
6.4e-4,6.4e-4,6.4e-4,0.55098,0.06797,0.37659,6.4e-4,6.4e-4,6.4e-4,6.4e-4
0.14181,4.7e-4,4.7e-4,4.7e-4,0.38745,4.7e-4,0.02878,4.7e-4,0.43916,4.7e-4
1.5e-4,0.27009,1.5e-4,1.5e-4,1.5e-4,0.31075,1.5e-4,1.5e-4,0.29588,0.12236
8.1e-4,0.16563,8.1e-4,0.26731,0.56141,8.1e-4,8.1e-4,8.1e-4,8.1e-4,8.1e-4
2.6e-4,2.6e-4,2.6e-4,2.6e-4,2.6e-4,0.99766,2.6e-4,2.6e-4,2.6e-4,2.6e-4
9.2e-4,9.2e-4,9.2e-4,0.11816,9.2e-4,9.2e-4,9.2e-4,0.8745,9.2e-4,9.2e-4
6.4e-4,6.4e-4,6.4e-4,6.4e-4,6.4e-4,6.4e-4,0.99423,6.4e-4,6.4e-4,6.4e-4
0.99714,3.2e-4,3.2e-4,3.2e-4,3.2e-4,3.2e-4,3.2e-4,3.2e-4,3.2e-4,3.2e-4
1.4e-4,1.4e-4,0.042659999999999997,1.4e-4,1.4e-4,1.4e-4,1.4e-4,1.4e-4,1.4e-4,0.95622
0.41082,6.3e-4,0.31506,6.3e-4,6.3e-4,6.3e-4,6.3e-4,6.3e-4,0.26972,6.3e-4
0.42238,3.1e-4,0.38291,3.1e-4,3.1e-4,3.1e-4,3.1e-4,3.1e-4,0.11654,0.0763
0.20977,0.07605,0.42315,8.3e-4,8.3e-4,8.3e-4,8.3e-4,8.3e-4,0.28603,8.3e-4
4.3e-4,0.34082,0.65573,4.3e-4,4.3e-4,4.3e-4,4.3e-4,4.3e-4,4.3e-4,4.3e-4
5.7e-4,5.7e-4,0.07324,0.33661,5.7e-4,5.7e-4,5.7e-4,5.7e-4,0.58615,5.7e-4
0.32511,1.3e-4,1.3e-4,0.45922,1.3e-4,1.3e-4,0.00525,1.3e-4,0.07186,0.13788
4.9e-4,4.9e-4,0.7132,0.04789,4.9e-4,4.9e-4,0.23549,4.9e-4,4.9e-4,4.9e-4
8.9e-4,8.9e-4,0.75221,8.9e-4,0.09497,8.9e-4,0.14662,8.9e-4,8.9e-4,8.9e-4
0.2505,4.5e-4,4.5e-4,4.5e-4,4.5e-4,0.69346,4.5e-4,4.5e-4,0.05288,4.5e-4
0.00526,0.00526,0.95262,0.00526,0.00526,0.00526,0.00526,0.00526,0.00526,0.00526
2e-4,0.01772,2e-4,2e-4,2e-4,0.01816,0.68844,2e-4,2e-4,0.27449
0.20048,5.9e-4,0.11116,5.9e-4,5.9e-4,5.9e-4,5.9e-4,5.9e-4,0.68422,5.9e-4
0.02272,0.97293,5.4e-4,5.4e-4,5.4e-4,5.4e-4,5.4e-4,5.4e-4,5.4e-4,5.4e-4
0.03298,5e-4,0.12609,0.20903,0.05591,0.57351,5e-4,5e-4,5e-4,5e-4
0.85147,5.7e-4,5.7e-4,0.10382,5.7e-4,5.7e-4,5.7e-4,5.7e-4,0.04071,5.7e-4
3.6e-4,3.6e-4,3.6e-4,0.39856,0.06043,0.16334,0.14399,3.6e-4,0.23186,3.6e-4
3.8e-4,0.02463,3.8e-4,3.8e-4,3.8e-4,3.8e-4,0.9723,3.8e-4,3.8e-4,3.8e-4
0.68884,0.00118,0.22545,0.00118,0.00118,0.00118,0.07747,0.00118,0.00118,0.00118
0.14212,2.5e-4,2.5e-4,2.5e-4,2.5e-4,2.5e-4,0.85585,2.5e-4,2.5e-4,2.5e-4
0.01982,0.19283,2.4e-4,2.4e-4,0.01399,2.4e-4,2.4e-4,2.4e-4,0.7719,2.4e-4
3.2e-4,3.2e-4,3.2e-4,3.2e-4,3.2e-4,3.2e-4,0.83036,3.2e-4,0.15031,0.01708
5e-4,5e-4,5e-4,0.06527,5e-4,5e-4,5e-4,0.93071,5e-4,5e-4
4e-4,0.90696,4e-4,0.03131,4e-4,4e-4,4e-4,4e-4,4e-4,0.05897
0.155,2.9e-4,2.9e-4,0.13785,2.9e-4,0.05095,2.9e-4,2.9e-4,2.9e-4,0.65448
2.3e-4,2.3e-4,0.99795,2.3e-4,2.3e-4,2.3e-4,2.3e-4,2.3e-4,2.3e-4,2.3e-4
7.5e-4,7.5e-4,0.99328,7.5e-4,7.5e-4,7.5e-4,7.5e-4,7.5e-4,7.5e-4,7.5e-4
0.28846,4.6e-4,0.14184,0.5665,4.6e-4,4.6e-4,4.6e-4,4.6e-4,4.6e-4,4.6e-4
6.2e-4,6.2e-4,0.61627,6.2e-4,6.2e-4,6.2e-4,6.2e-4,6.2e-4,6.2e-4,0.37879
0.05295,3.1e-4,0.10694,0.6873,3.1e-4,0.07343,3.1e-4,0.07782,3.1e-4,3.1e-4
0.34242,3.8e-4,3.8e-4,3.8e-4,3.8e-4,3.8e-4,3.8e-4,3.8e-4,0.09393,0.56101
6.8e-4,0.07541,6.8e-4,6.8e-4,6.8e-4,6.8e-4,6.8e-4,6.8e-4,0.84565,0.07417
0.02387,0.42639,2.9e-4,0.24584,2.9e-4,2.9e-4,2.9e-4,2.9e-4,0.30214,2.9e-4
2.9e-4,2.9e-4,0.05887,0.08676,2.9e-4,2.9e-4,2.9e-4,2.9e-4,0.83496,0.01767
1.9e-4,0.19452,1.9e-4,1.9e-4,1.9e-4,1.9e-4,1.9e-4,1.9e-4,0.58724,0.21691
9.6e-4,9.6e-4,0.3036,0.37657,9.6e-4,0.28231,9.6e-4,0.03175,9.6e-4,9.6e-4
5.3e-4,5.3e-4,0.1213,0.87444,5.3e-4,5.3e-4,5.3e-4,5.3e-4,5.3e-4,5.3e-4
0.004,0.004,0.96399,0.004,0.004,0.004,0.004,0.004,0.004,0.004
0.421,0.00217,0.5616,0.00217,0.00217,0.00217,0.00217,0.00217,0.00217,0.00218
1.3e-4,1.3e-4,1.3e-4,1.3e-4,1.3e-4,1.3e-4,1.3e-4,1.3e-4,1.3e-4,0.9988
1.3e-4,1.3e-4,1.3e-4,1.3e-4,0.04292,0.01204,1.3e-4,1.3e-4,1.3e-4,0.94409
